"Condition","Length_bins","sum_counts","mean_exp","Tool","Normalization"
"E3","0k-0.5k",92.9360616625301,2.38297594006488,"isoquant","CPM"
"E3","0.5k-1k",7062.56371730399,6.49968266513198,"isoquant","CPM"
"E3","1k-1.5k",103190.091815261,16.2557796530083,"isoquant","CPM"
"E3","1.5k-2k",221884.92033991,17.6186516251265,"isoquant","CPM"
"E3","2k-2.5k",171893.042185643,15.3178173555299,"isoquant","CPM"
"E3","2.5k-3k",114384.808068281,11.4183119235911,"isoquant","CPM"
"E3","3k-3.5k",81460.5049245118,9.29909094903911,"isoquant","CPM"
"E3","3.5k-4k",111472.189194294,9.26686584873585,"isoquant","CPM"
"E3","4k-4.5k",55297.4561704753,9.90058432604155,"isoquant","CPM"
"E3","4.5k-5k",35861.4089936151,8.35410687038765,"isoquant","CPM"
"E3","5k+",97400.0785290423,9.14544328223945,"isoquant","CPM"
"isoB11","0k-0.5k",79.0705612069783,1.00895586909122,"isoquant","CPM"
"isoB11","0.5k-1k",5228.49688378278,4.86720187248991,"isoquant","CPM"
"isoB11","1k-1.5k",85415.1503975013,13.9105852426649,"isoquant","CPM"
"isoB11","1.5k-2k",220268.42066783,16.558841903138,"isoquant","CPM"
"isoB11","2k-2.5k",174542.428045993,15.0394491128851,"isoquant","CPM"
"isoB11","2.5k-3k",113659.707601295,10.8656797020177,"isoquant","CPM"
"isoB11","3k-3.5k",82837.6722035443,9.19495166481559,"isoquant","CPM"
"isoB11","3.5k-4k",106983.166502413,8.97689473801776,"isoquant","CPM"
"isoB11","4k-4.5k",58021.6654229152,9.42693745522131,"isoquant","CPM"
"isoB11","4.5k-5k",37923.3209921791,8.5676768946208,"isoquant","CPM"
"isoB11","5k+",115040.900721339,9.6108708200129,"isoquant","CPM"
"All","0k-0.5k",172.006622869508,1.58157544527506,"isoquant","CPM"
"All","0.5k-1k",12291.0606010868,5.62071198469761,"isoquant","CPM"
"All","1k-1.5k",188605.242212762,15.0385308265673,"isoquant","CPM"
"All","1.5k-2k",442153.34100774,17.053031221917,"isoquant","CPM"
"All","2k-2.5k",346435.470231636,15.1477264740715,"isoquant","CPM"
"All","2.5k-3k",228044.515669576,11.1329493074205,"isoquant","CPM"
"All","3k-3.5k",164298.177128056,9.23010406881478,"isoquant","CPM"
"All","3.5k-4k",218455.355696707,9.11534185676097,"isoquant","CPM"
"All","4k-4.5k",113319.121593391,9.64981731571803,"isoquant","CPM"
"All","4.5k-5k",73784.7299857942,8.44173703998578,"isoquant","CPM"
"All","5k+",212440.979250381,9.37828819013049,"isoquant","CPM"
"E3","0k-0.5k",1078.12216649926,1.65796738880482,"bambu","CPM"
"E3","0.5k-1k",10484.3342410114,4.16519088897731,"bambu","CPM"
"E3","1k-1.5k",91270.2245546587,13.6901407507202,"bambu","CPM"
"E3","1.5k-2k",185263.03567254,17.0181704802314,"bambu","CPM"
"E3","2k-2.5k",155597.393039547,15.3764935616005,"bambu","CPM"
"E3","2.5k-3k",103139.678590078,12.3624736372798,"bambu","CPM"
"E3","3k-3.5k",73782.951278301,10.161191727151,"bambu","CPM"
"E3","3.5k-4k",100058.760028808,10.0735943513358,"bambu","CPM"
"E3","4k-4.5k",52476.2478425297,10.1476473484425,"bambu","CPM"
"E3","4.5k-5k",38136.7967213046,8.5858839940556,"bambu","CPM"
"E3","5k+",188712.455864722,7.58553148558585,"bambu","CPM"
"isoB11","0k-0.5k",858.734593408855,1.73610745998399,"bambu","CPM"
"isoB11","0.5k-1k",8512.65935681723,3.44791124429114,"bambu","CPM"
"isoB11","1k-1.5k",75036.9731028809,11.4750652581479,"bambu","CPM"
"isoB11","1.5k-2k",180033.821752751,16.4250026740518,"bambu","CPM"
"isoB11","2k-2.5k",155609.297884645,15.5623580957004,"bambu","CPM"
"isoB11","2.5k-3k",103083.612340062,12.5405764957228,"bambu","CPM"
"isoB11","3k-3.5k",73772.1217291936,10.4954893049294,"bambu","CPM"
"isoB11","3.5k-4k",96571.4014496517,10.6574249389511,"bambu","CPM"
"isoB11","4k-4.5k",54324.9383503207,10.8700052812755,"bambu","CPM"
"isoB11","4.5k-5k",40531.3906530196,9.32072960578595,"bambu","CPM"
"isoB11","5k+",211665.048787248,8.8810840576666,"bambu","CPM"
"All","0k-0.5k",1936.85675990812,1.69814139365028,"bambu","CPM"
"All","0.5k-1k",18996.9935978287,3.79414453604753,"bambu","CPM"
"All","1k-1.5k",166307.19765754,12.5418915725906,"bambu","CPM"
"All","1.5k-2k",365296.857425291,16.7206646771743,"bambu","CPM"
"All","2k-2.5k",311206.690924192,15.4673067971823,"bambu","CPM"
"All","2.5k-3k",206223.290930141,12.4302696854696,"bambu","CPM"
"All","3k-3.5k",147555.073007495,10.3266889697903,"bambu","CPM"
"All","3.5k-4k",196630.16147846,10.3474257584124,"bambu","CPM"
"All","4k-4.5k",106801.18619285,10.4888194589538,"bambu","CPM"
"All","4.5k-5k",78668.1873743242,8.95214873605245,"bambu","CPM"
"All","5k+",400377.50465197,8.23078992219718,"bambu","CPM"
"E3","0k-0.5k",121.633341428055,1.39576593294419,"kallisto","CPM"
"E3","0.5k-1k",6595.84103321722,4.71958735164731,"kallisto","CPM"
"E3","1k-1.5k",94071.6554676345,15.4004804457518,"kallisto","CPM"
"E3","1.5k-2k",184397.949713209,17.7702902255933,"kallisto","CPM"
"E3","2k-2.5k",153765.931466356,15.5593760339203,"kallisto","CPM"
"E3","2.5k-3k",99717.7919917367,12.5628631965148,"kallisto","CPM"
"E3","3k-3.5k",73448.5701200366,11.207023498731,"kallisto","CPM"
"E3","3.5k-4k",101104.360553804,10.5894124712695,"kallisto","CPM"
"E3","4k-4.5k",55381.0956604975,12.2679311192154,"kallisto","CPM"
"E3","4.5k-5k",39221.8642646872,10.6720113599772,"kallisto","CPM"
"E3","5k+",192173.306387394,9.39266491434171,"kallisto","CPM"
"isoB11","0k-0.5k",114.876165260937,1.3146120822768,"kallisto","CPM"
"isoB11","0.5k-1k",5152.98693185429,3.66646550630188,"kallisto","CPM"
"isoB11","1k-1.5k",77163.9451672083,12.7396645477125,"kallisto","CPM"
"isoB11","1.5k-2k",178497.899552185,16.9545509811672,"kallisto","CPM"
"isoB11","2k-2.5k",154634.93538865,15.7354956065717,"kallisto","CPM"
"isoB11","2.5k-3k",99722.2725371815,12.6947223501467,"kallisto","CPM"
"isoB11","3k-3.5k",73959.5373221132,11.6357136056237,"kallisto","CPM"
"isoB11","3.5k-4k",97764.6432889052,11.0091948804848,"kallisto","CPM"
"isoB11","4k-4.5k",57441.6140118737,12.9821913044212,"kallisto","CPM"
"isoB11","4.5k-5k",41306.4076269369,11.4713404241751,"kallisto","CPM"
"isoB11","5k+",214240.882007831,10.7673801145509,"kallisto","CPM"
"All","0k-0.5k",236.509506688991,1.29220005629633,"kallisto","CPM"
"All","0.5k-1k",11748.8279650715,4.17495334697277,"kallisto","CPM"
"All","1k-1.5k",171235.600634843,14.0024537647252,"kallisto","CPM"
"All","1.5k-2k",362895.849265394,17.3620793035052,"kallisto","CPM"
"All","2k-2.5k",308400.866855005,15.6465357297818,"kallisto","CPM"
"All","2.5k-3k",199440.064528918,12.6287929469887,"kallisto","CPM"
"All","3k-3.5k",147408.10744215,11.42002253109,"kallisto","CPM"
"All","3.5k-4k",198869.003842709,10.7821723147225,"kallisto","CPM"
"All","4k-4.5k",112822.709672371,12.6241171890485,"kallisto","CPM"
"All","4.5k-5k",80528.2718916241,11.0470023626588,"kallisto","CPM"
"All","5k+",406414.188395225,10.0752282992101,"kallisto","CPM"
"E3","0k-0.5k",251.923686001483,0.943416515804237,"oarfish","CPM"
"E3","0.5k-1k",10945.4283103921,2.87815241102335,"oarfish","CPM"
"E3","1k-1.5k",102597.316375647,9.53400710352032,"oarfish","CPM"
"E3","1.5k-2k",185192.4825244,12.5131247888155,"oarfish","CPM"
"E3","2k-2.5k",149493.873383343,10.7505679922965,"oarfish","CPM"
"E3","2.5k-3k",100677.111331969,8.67229828815427,"oarfish","CPM"
"E3","3k-3.5k",74075.1854629827,7.29873796131955,"oarfish","CPM"
"E3","3.5k-4k",96949.3844656208,6.98609752271213,"oarfish","CPM"
"E3","4k-4.5k",53922.8542476167,7.08083166795358,"oarfish","CPM"
"E3","4.5k-5k",38887.1062347347,6.03570266486279,"oarfish","CPM"
"E3","5k+",187007.333977293,4.88969415360866,"oarfish","CPM"
"isoB11","0k-0.5k",287.953913140328,1.13940013926281,"oarfish","CPM"
"isoB11","0.5k-1k",9465.69305237841,2.57764934507748,"oarfish","CPM"
"isoB11","1k-1.5k",84204.0829990159,8.04156371628772,"oarfish","CPM"
"isoB11","1.5k-2k",178853.5092775,12.0482931847672,"oarfish","CPM"
"isoB11","2k-2.5k",149299.664548564,11.0019973149273,"oarfish","CPM"
"isoB11","2.5k-3k",101036.396556196,8.86211114269785,"oarfish","CPM"
"isoB11","3k-3.5k",74414.9911181721,7.62672900527145,"oarfish","CPM"
"isoB11","3.5k-4k",94096.2214368389,7.36459004047452,"oarfish","CPM"
"isoB11","4k-4.5k",56099.4476368994,7.61836197272944,"oarfish","CPM"
"isoB11","4.5k-5k",41411.5918757332,6.68199558439574,"oarfish","CPM"
"isoB11","5k+",210830.447585561,5.75815011078902,"oarfish","CPM"
"All","0k-0.5k",539.877599141811,1.03985491149938,"oarfish","CPM"
"All","0.5k-1k",20411.1213627705,2.71686927625797,"oarfish","CPM"
"All","1k-1.5k",186801.399374663,8.78069094729073,"oarfish","CPM"
"All","1.5k-2k",364045.9918019,12.2801279470012,"oarfish","CPM"
"All","2k-2.5k",298793.537931907,10.8757121024605,"oarfish","CPM"
"All","2.5k-3k",201713.507888166,8.75569361312175,"oarfish","CPM"
"All","3k-3.5k",148490.176581155,7.46306804288565,"oarfish","CPM"
"All","3.5k-4k",191045.60590246,7.17597492277942,"oarfish","CPM"
"All","4k-4.5k",110022.301884516,7.33968665998914,"oarfish","CPM"
"All","4.5k-5k",80298.6981104679,6.34778095042045,"oarfish","CPM"
"All","5k+",397837.781562854,5.32101210975511,"oarfish","CPM"
"E3","0k-0.5k",184.216990511682,0.874546403759596,"flair","CPM"
"E3","0.5k-1k",8930.11016237789,1.89060066134643,"flair","CPM"
"E3","1k-1.5k",112502.558055153,1.27415591281681,"flair","CPM"
"E3","1.5k-2k",230944.265552234,1.44224842073829,"flair","CPM"
"E3","2k-2.5k",167830.439233761,1.88124376837869,"flair","CPM"
"E3","2.5k-3k",118329.808228151,2.13579333953546,"flair","CPM"
"E3","3k-3.5k",81724.199739404,2.41285086266035,"flair","CPM"
"E3","3.5k-4k",92601.977788948,2.7929713811213,"flair","CPM"
"E3","4k-4.5k",51216.6310403506,3.24682883033659,"flair","CPM"
"E3","4.5k-5k",32894.94121272,3.45462558134756,"flair","CPM"
"E3","5k+",102840.851996389,4.93918966173673,"flair","CPM"
"isoB11","0k-0.5k",175.239138643812,0.838219008362485,"flair","CPM"
"isoB11","0.5k-1k",5310.09137608568,1.4152831602919,"flair","CPM"
"isoB11","1k-1.5k",92317.3878404427,0.974936449051581,"flair","CPM"
"isoB11","1.5k-2k",225865.016601771,1.08198430085538,"flair","CPM"
"isoB11","2k-2.5k",178694.059729311,1.38857176161209,"flair","CPM"
"isoB11","2.5k-3k",121784.090013983,1.62819365889413,"flair","CPM"
"isoB11","3k-3.5k",85056.6127692721,1.93478879042396,"flair","CPM"
"isoB11","3.5k-4k",94286.7605886784,2.30597266578383,"flair","CPM"
"isoB11","4k-4.5k",54402.9927007009,2.8415030848645,"flair","CPM"
"isoB11","4.5k-5k",35920.5908912229,3.21424564571357,"flair","CPM"
"isoB11","5k+",106187.158349889,4.83358388801652,"flair","CPM"
"All","0k-0.5k",359.456129155494,0.839957464126203,"flair","CPM"
"All","0.5k-1k",14240.2015384636,1.63265395286278,"flair","CPM"
"All","1k-1.5k",204819.945895596,1.09099015255675,"flair","CPM"
"All","1.5k-2k",456809.282154005,1.21557352954603,"flair","CPM"
"All","2k-2.5k",346524.498963072,1.57954248268282,"flair","CPM"
"All","2.5k-3k",240113.898242134,1.8289161810572,"flair","CPM"
"All","3k-3.5k",166780.812508676,2.12923061977271,"flair","CPM"
"All","3.5k-4k",186888.738377626,2.50725127460434,"flair","CPM"
"All","4k-4.5k",105619.623741052,3.01710525165843,"flair","CPM"
"All","4.5k-5k",68815.532103943,3.31740423911437,"flair","CPM"
"All","5k+",209028.010346278,4.88437377569663,"flair","CPM"
"E3","0k-0.5k",480.451384146001,12.3192662601539,"isoquant","TPM"
"E3","0.5k-1k",19169.5963951274,18.2052190652629,"isoquant","TPM"
"E3","1k-1.5k",191354.436880234,29.6915048577074,"isoquant","TPM"
"E3","1.5k-2k",297720.418164249,23.5208317325577,"isoquant","TPM"
"E3","2k-2.5k",178996.053845194,15.957644262235,"isoquant","TPM"
"E3","2.5k-3k",98690.6816741277,9.76296098750075,"isoquant","TPM"
"E3","3k-3.5k",58763.9185389234,6.71725718617858,"isoquant","TPM"
"E3","3.5k-4k",71137.1499011446,5.79685490536483,"isoquant","TPM"
"E3","4k-4.5k",30576.4597235778,5.46933507710794,"isoquant","TPM"
"E3","4.5k-5k",17717.8327759271,4.13422436801794,"isoquant","TPM"
"E3","5k+",35393.0007173492,3.25746372036586,"isoquant","TPM"
"isoB11","0k-0.5k",425.857305897753,5.57249831974378,"isoquant","TPM"
"isoB11","0.5k-1k",14845.2943112018,14.2761880237977,"isoquant","TPM"
"isoB11","1k-1.5k",162794.651902437,26.3070882293136,"isoquant","TPM"
"isoB11","1.5k-2k",305396.756589287,22.9149157743132,"isoquant","TPM"
"isoB11","2k-2.5k",187941.360210339,16.2292059047461,"isoquant","TPM"
"isoB11","2.5k-3k",101508.14986334,9.63726877158985,"isoquant","TPM"
"isoB11","3k-3.5k",61917.7127278365,6.88383231859316,"isoquant","TPM"
"isoB11","3.5k-4k",70503.322749206,5.81487756723046,"isoquant","TPM"
"isoB11","4k-4.5k",33171.3107093561,5.38945210999657,"isoquant","TPM"
"isoB11","4.5k-5k",19367.074093278,4.38770156992779,"isoquant","TPM"
"isoB11","5k+",42128.5095378206,3.51067469877245,"isoquant","TPM"
"All","0k-0.5k",906.308690043754,8.4610262925924,"isoquant","TPM"
"All","0.5k-1k",34014.8907063293,16.0279967047527,"isoquant","TPM"
"All","1k-1.5k",354149.088782671,27.917570035011,"isoquant","TPM"
"All","1.5k-2k",603117.174753536,23.1705628788516,"isoquant","TPM"
"All","2k-2.5k",366937.414055533,16.0648427093848,"isoquant","TPM"
"All","2.5k-3k",200198.831537468,9.69886333180223,"isoquant","TPM"
"All","3k-3.5k",120681.63126676,6.79244015620679,"isoquant","TPM"
"All","3.5k-4k",141640.472650351,5.80621659923423,"isoquant","TPM"
"All","4k-4.5k",63747.7704329339,5.42671658986757,"isoquant","TPM"
"All","4.5k-5k",37084.906869205,4.25468363082794,"isoquant","TPM"
"All","5k+",77521.5102551698,3.3862766228762,"isoquant","TPM"
"E3","0k-0.5k",33072.4099263528,14.8998078134596,"bambu","TPM"
"E3","0.5k-1k",31024.5960643445,12.6596873226839,"bambu","TPM"
"E3","1k-1.5k",175618.424419986,26.3541964261825,"bambu","TPM"
"E3","1.5k-2k",260700.630425756,23.8613627509257,"bambu","TPM"
"E3","2k-2.5k",170223.980125301,16.7752891565746,"bambu","TPM"
"E3","2.5k-3k",93109.5083381577,11.0783249897923,"bambu","TPM"
"E3","3k-3.5k",55695.4868528579,7.68249295618951,"bambu","TPM"
"E3","3.5k-4k",66600.2400960801,6.59426915161834,"bambu","TPM"
"E3","4k-4.5k",30351.0674089371,5.86980553617286,"bambu","TPM"
"E3","4.5k-5k",19743.0127579533,4.45277677429258,"bambu","TPM"
"E3","5k+",63860.6435842732,2.50155923808415,"bambu","TPM"
"isoB11","0k-0.5k",26632.6500366909,16.0879588709347,"bambu","TPM"
"isoB11","0.5k-1k",26596.3194899765,11.199861196682,"bambu","TPM"
"isoB11","1k-1.5k",151004.854983382,23.1827923452283,"bambu","TPM"
"isoB11","1.5k-2k",265239.330594426,24.1397429113746,"bambu","TPM"
"isoB11","2k-2.5k",178221.635130856,17.7927731788757,"bambu","TPM"
"isoB11","2.5k-3k",97549.4797306277,11.7776133060051,"bambu","TPM"
"isoB11","3k-3.5k",58418.4785199044,8.32375540168431,"bambu","TPM"
"isoB11","3.5k-4k",67274.4967430723,7.31445274306833,"bambu","TPM"
"isoB11","4k-4.5k",32943.5038256676,6.59320407615844,"bambu","TPM"
"isoB11","4.5k-5k",21994.0885008684,5.07132644542183,"bambu","TPM"
"isoB11","5k+",74125.1624445285,3.0300153121976,"bambu","TPM"
"All","0k-0.5k",59705.0599630437,15.5067980276045,"bambu","TPM"
"All","0.5k-1k",57620.915554321,11.9016657552508,"bambu","TPM"
"All","1k-1.5k",326623.279403368,24.6836627043743,"bambu","TPM"
"All","1.5k-2k",525939.961020182,24.0000295961619,"bambu","TPM"
"All","2k-2.5k",348445.615256157,17.2838025216169,"bambu","TPM"
"All","2.5k-3k",190658.988068785,11.4066546706282,"bambu","TPM"
"All","3k-3.5k",114113.965372762,8.00108729692788,"bambu","TPM"
"All","3.5k-4k",133874.736839152,6.94108091005781,"bambu","TPM"
"All","4k-4.5k",63294.5712346047,6.21921972992217,"bambu","TPM"
"All","4.5k-5k",41737.1012588217,4.76064525255694,"bambu","TPM"
"All","5k+",137985.806028802,2.7636337566922,"bambu","TPM"
"E3","0k-0.5k",820.733410293482,9.95846394474724,"kallisto","TPM"
"E3","0.5k-1k",20021.7953325682,14.7852407073451,"kallisto","TPM"
"E3","1k-1.5k",190873.784226155,30.7109860697856,"kallisto","TPM"
"E3","1.5k-2k",269707.195127061,25.8861458797299,"kallisto","TPM"
"E3","2k-2.5k",174714.825282619,17.6189559353689,"kallisto","TPM"
"E3","2.5k-3k",93535.7571386517,11.6946461885749,"kallisto","TPM"
"E3","3k-3.5k",57700.6128307195,8.81750223640137,"kallisto","TPM"
"E3","3.5k-4k",69969.3931349121,7.21624203259899,"kallisto","TPM"
"E3","4k-4.5k",33350.8590141126,7.38106144015328,"kallisto","TPM"
"E3","4.5k-5k",21105.8888700408,5.75003549338595,"kallisto","TPM"
"E3","5k+",68199.1556328675,3.29224536765699,"kallisto","TPM"
"isoB11","0k-0.5k",825.933429245405,9.95129587133617,"kallisto","TPM"
"isoB11","0.5k-1k",16479.9073125108,12.0769742990359,"kallisto","TPM"
"isoB11","1k-1.5k",162256.020445704,26.4546950837146,"kallisto","TPM"
"isoB11","1.5k-2k",271376.955552173,25.7379151567506,"kallisto","TPM"
"isoB11","2k-2.5k",182790.467381345,18.5554308951993,"kallisto","TPM"
"isoB11","2.5k-3k",97449.3549214519,12.3217856293206,"kallisto","TPM"
"isoB11","3k-3.5k",60575.5211621266,9.54585818102499,"kallisto","TPM"
"isoB11","3.5k-4k",70377.8611978828,7.82012743426403,"kallisto","TPM"
"isoB11","4k-4.5k",36037.1515590874,8.13420684475036,"kallisto","TPM"
"isoB11","4.5k-5k",23159.0122938944,6.44127630378067,"kallisto","TPM"
"isoB11","5k+",78671.8147445785,3.89005942639765,"kallisto","TPM"
"All","0k-0.5k",1646.66683953889,9.56084729743629,"kallisto","TPM"
"All","0.5k-1k",36501.702645079,13.3762729786591,"kallisto","TPM"
"All","1k-1.5k",353129.804671859,28.4611836604983,"kallisto","TPM"
"All","1.5k-2k",541084.150679234,25.8091383399293,"kallisto","TPM"
"All","2k-2.5k",357505.292663963,18.0839674802248,"kallisto","TPM"
"All","2.5k-3k",190985.112060104,12.0088059220221,"kallisto","TPM"
"All","3k-3.5k",118276.133992846,9.17646115084351,"kallisto","TPM"
"All","3.5k-4k",140347.254332795,7.5065524457503,"kallisto","TPM"
"All","4k-4.5k",69388.0105732001,7.75444442436104,"kallisto","TPM"
"All","4.5k-5k",44264.9011639351,6.07931345762942,"kallisto","TPM"
"All","5k+",146870.970377446,3.58779642725095,"kallisto","TPM"
"E3","0k-0.5k",1483.50900947681,5.64511035973097,"oarfish","TPM"
"E3","0.5k-1k",33819.2521904799,9.12067427715547,"oarfish","TPM"
"E3","1k-1.5k",200745.19816974,18.6731057604275,"oarfish","TPM"
"E3","1.5k-2k",265919.322469136,17.7981784923815,"oarfish","TPM"
"E3","2k-2.5k",166474.165977888,11.9318340933113,"oarfish","TPM"
"E3","2.5k-3k",92351.1940200772,7.89403952090911,"oarfish","TPM"
"E3","3k-3.5k",56883.6545040447,5.60786513577588,"oarfish","TPM"
"E3","3.5k-4k",65573.6111311196,4.65716603862627,"oarfish","TPM"
"E3","4k-4.5k",31733.3056890545,4.16414431406792,"oarfish","TPM"
"E3","4.5k-5k",20471.9708641974,3.17983593131351,"oarfish","TPM"
"E3","5k+",64544.8159747864,1.64896111004262,"oarfish","TPM"
"isoB11","0k-0.5k",1813.04474096723,7.32339036245939,"oarfish","TPM"
"isoB11","0.5k-1k",31060.2024518722,8.67159974103589,"oarfish","TPM"
"isoB11","1k-1.5k",171369.708260435,16.4917137823781,"oarfish","TPM"
"isoB11","1.5k-2k",267550.553983007,17.894107265013,"oarfish","TPM"
"isoB11","2k-2.5k",173227.781310289,12.7360930780383,"oarfish","TPM"
"isoB11","2.5k-3k",96709.2890697139,8.42362662309262,"oarfish","TPM"
"isoB11","3k-3.5k",59678.4556429946,6.12153263858055,"oarfish","TPM"
"isoB11","3.5k-4k",66316.1455791823,5.12235245859842,"oarfish","TPM"
"isoB11","4k-4.5k",34453.4971081681,4.67530148515086,"oarfish","TPM"
"isoB11","4.5k-5k",22749.7049278615,3.67293895640268,"oarfish","TPM"
"isoB11","5k+",75071.61692551,2.00560109919928,"oarfish","TPM"
"All","0k-0.5k",3296.55375044404,6.46407841441927,"oarfish","TPM"
"All","0.5k-1k",64879.454642352,8.85968910353915,"oarfish","TPM"
"All","1k-1.5k",372114.906430175,17.5748748423126,"oarfish","TPM"
"All","1.5k-2k",533469.876452142,17.8457371742565,"oarfish","TPM"
"All","2k-2.5k",339701.947288176,12.3317605785892,"oarfish","TPM"
"All","2.5k-3k",189060.483089791,8.1472180466097,"oarfish","TPM"
"All","3k-3.5k",116562.110147039,5.86387828424518,"oarfish","TPM"
"All","3.5k-4k",131889.756710302,4.89028425411835,"oarfish","TPM"
"All","4k-4.5k",66186.8027972226,4.41322072561319,"oarfish","TPM"
"All","4.5k-5k",43221.675792059,3.41920290407362,"oarfish","TPM"
"All","5k+",139616.432900296,1.82566515679431,"oarfish","TPM"
"E3","0k-0.5k",1398.80771721104,7.63782567181125,"flair","TPM"
"E3","0.5k-1k",24051.7412114439,5.27553632535192,"flair","TPM"
"E3","1k-1.5k",201808.652201632,2.25167390213048,"flair","TPM"
"E3","1.5k-2k",306254.819711397,1.89382715053249,"flair","TPM"
"E3","2k-2.5k",172623.138048961,1.92489762233971,"flair","TPM"
"E3","2.5k-3k",99813.3553872326,1.78988843639048,"flair","TPM"
"E3","3k-3.5k",57839.3570300943,1.70934116466963,"flair","TPM"
"E3","3.5k-4k",57576.8936556257,1.7143289602957,"flair","TPM"
"E3","4k-4.5k",27758.6293640785,1.7609689233048,"flair","TPM"
"E3","4.5k-5k",15926.0666569021,1.67533026782237,"flair","TPM"
"E3","5k+",34948.5390154222,1.68446905796891,"flair","TPM"
"isoB11","0k-0.5k",1753.18596001203,8.47029701044554,"flair","TPM"
"isoB11","0.5k-1k",14859.1850235403,4.10884911009251,"flair","TPM"
"isoB11","1k-1.5k",170505.530072129,1.76601493696679,"flair","TPM"
"isoB11","1.5k-2k",308511.705019584,1.47021768708512,"flair","TPM"
"isoB11","2k-2.5k",190192.047618904,1.46980965788628,"flair","TPM"
"isoB11","2.5k-3k",105906.31858261,1.40925400393276,"flair","TPM"
"isoB11","3k-3.5k",62185.8112956263,1.4160004449075,"flair","TPM"
"isoB11","3.5k-4k",60459.7797627076,1.46208312058151,"flair","TPM"
"isoB11","4k-4.5k",30454.5283836278,1.59170737429146,"flair","TPM"
"isoB11","4.5k-5k",17955.8988701262,1.61002549631008,"flair","TPM"
"isoB11","5k+",37216.0094111329,1.70241352692452,"flair","TPM"
"All","0k-0.5k",3151.99367722307,7.92599660855278,"flair","TPM"
"All","0.5k-1k",38910.9262349842,4.64060931650905,"flair","TPM"
"All","1k-1.5k",372314.182273762,1.95510580922876,"flair","TPM"
"All","1.5k-2k",614766.52473098,1.62706838348513,"flair","TPM"
"All","2k-2.5k",362815.185667865,1.64671336139498,"flair","TPM"
"All","2.5k-3k",205719.673969843,1.56022658401245,"flair","TPM"
"All","3k-3.5k",120025.168325721,1.53575422239333,"flair","TPM"
"All","3.5k-4k",118036.673418333,1.56683968098214,"flair","TPM"
"All","4k-4.5k",58213.1577477062,1.66512149199237,"flair","TPM"
"All","4.5k-5k",33881.9655270283,1.63710166286555,"flair","TPM"
"All","5k+",72164.5484265551,1.69367223170729,"flair","TPM"
"E3","0k-0.5k",221.016288962991,5.66708433238439,"isoquant","EDA"
"E3","0.5k-1k",7659.41260949382,7.23650210566004,"isoquant","EDA"
"E3","1k-1.5k",94263.5014982787,14.7952310455552,"isoquant","EDA"
"E3","1.5k-2k",207629.856109709,16.4996300350424,"isoquant","EDA"
"E3","2k-2.5k",172886.084173215,15.3998030811324,"isoquant","EDA"
"E3","2.5k-3k",120057.900891882,12.0035997703843,"isoquant","EDA"
"E3","3k-3.5k",87706.5114838256,10.0057431246008,"isoquant","EDA"
"E3","3.5k-4k",119841.979047763,9.9561734408224,"isoquant","EDA"
"E3","4k-4.5k",58807.9037122388,10.5275424411295,"isoquant","EDA"
"E3","4.5k-5k",37519.9695657949,8.74364325167054,"isoquant","EDA"
"E3","5k+",93405.8646188365,8.73037208758879,"isoquant","EDA"
"isoB11","0k-0.5k",259.697328993868,3.51396741064365,"isoquant","EDA"
"isoB11","0.5k-1k",7102.40120944408,6.83569239210525,"isoquant","EDA"
"isoB11","1k-1.5k",87466.6930803679,14.1969936746342,"isoquant","EDA"
"isoB11","1.5k-2k",211932.85732401,15.9472807129161,"isoquant","EDA"
"isoB11","2k-2.5k",174080.66060678,14.9855231479388,"isoquant","EDA"
"isoB11","2.5k-3k",118174.576581507,11.3113091789184,"isoquant","EDA"
"isoB11","3k-3.5k",88500.5982480906,9.81694413554043,"isoquant","EDA"
"isoB11","3.5k-4k",113207.252766432,9.47330887286138,"isoquant","EDA"
"isoB11","4k-4.5k",59825.5028575175,9.71793868594787,"isoquant","EDA"
"isoB11","4.5k-5k",38082.9136799316,8.60849452508928,"isoquant","EDA"
"isoB11","5k+",101366.846316925,8.47998081762834,"isoquant","EDA"
"All","0k-0.5k",480.713617956859,4.60450715022662,"isoquant","EDA"
"All","0.5k-1k",14761.8138189379,6.97435092825513,"isoquant","EDA"
"All","1k-1.5k",181730.194578647,14.4482839277744,"isoquant","EDA"
"All","1.5k-2k",419562.713433719,16.1905954421914,"isoquant","EDA"
"All","2k-2.5k",346966.744779995,15.1600941146738,"isoquant","EDA"
"All","2.5k-3k",238232.477473389,11.6455375449187,"isoquant","EDA"
"All","3k-3.5k",176207.109731916,9.89174172609168,"isoquant","EDA"
"All","3.5k-4k",233049.231814195,9.70369737218861,"isoquant","EDA"
"All","4k-4.5k",118633.406569756,10.0981610256318,"isoquant","EDA"
"All","4.5k-5k",75602.8832457266,8.64568963972615,"isoquant","EDA"
"All","5k+",194772.710935762,8.59206326491572,"isoquant","EDA"
"E3","0k-0.5k",9142.38952472375,3.85346543349981,"bambu","EDA"
"E3","0.5k-1k",10797.750284377,4.33522089241036,"bambu","EDA"
"E3","1k-1.5k",82471.9389621387,12.3775846411735,"bambu","EDA"
"E3","1.5k-2k",163520.842438695,15.026791353913,"bambu","EDA"
"E3","2k-2.5k",143642.765465736,14.1965524805661,"bambu","EDA"
"E3","2.5k-3k",99731.7360376853,11.9724984610785,"bambu","EDA"
"E3","3k-3.5k",74069.9496373143,10.196636907321,"bambu","EDA"
"E3","3.5k-4k",102745.165617205,10.3767711606202,"bambu","EDA"
"E3","4k-4.5k",55246.1334562908,10.6823954753213,"bambu","EDA"
"E3","4.5k-5k",40918.963636415,9.20655153047042,"bambu","EDA"
"E3","5k+",217712.36493942,8.74401433285219,"bambu","EDA"
"isoB11","0k-0.5k",4900.71331735342,4.2295874922608,"bambu","EDA"
"isoB11","0.5k-1k",11072.8808558909,4.56516790138192,"bambu","EDA"
"isoB11","1k-1.5k",81289.1746842615,12.4508126373739,"bambu","EDA"
"isoB11","1.5k-2k",176942.006356706,16.1466352301294,"bambu","EDA"
"isoB11","2k-2.5k",149857.201563692,14.9862245891622,"bambu","EDA"
"isoB11","2.5k-3k",100447.479378346,12.2274325223784,"bambu","EDA"
"isoB11","3k-3.5k",72994.4903874827,10.3834898847489,"bambu","EDA"
"isoB11","3.5k-4k",96449.2122971843,10.6517164967009,"bambu","EDA"
"isoB11","4k-4.5k",54522.34702791,10.9093566460673,"bambu","EDA"
"isoB11","4.5k-5k",40763.4463915345,9.37127585227012,"bambu","EDA"
"isoB11","5k+",210761.047739638,8.81699410466363,"bambu","EDA"
"All","0k-0.5k",14043.1028420772,4.04561474612771,"bambu","EDA"
"All","0.5k-1k",21870.6311402678,4.44949140035747,"bambu","EDA"
"All","1k-1.5k",163761.1136464,12.3754017367485,"bambu","EDA"
"All","1.5k-2k",340462.848795401,15.5802329174399,"bambu","EDA"
"All","2k-2.5k",293499.967029429,14.5917554574583,"bambu","EDA"
"All","2.5k-3k",200179.215416031,12.0792606262432,"bambu","EDA"
"All","3k-3.5k",147064.440024797,10.2889492402567,"bambu","EDA"
"All","3.5k-4k",199194.377914389,10.4952512643713,"bambu","EDA"
"All","4k-4.5k",109768.480484201,10.776312667091,"bambu","EDA"
"All","4.5k-5k",81682.4100279494,9.28925124397992,"bambu","EDA"
"All","5k+",428473.412679058,8.78015636799158,"bambu","EDA"
"E3","0k-0.5k",436.155885550718,5.5878579483489,"kallisto","EDA"
"E3","0.5k-1k",8232.81983409396,6.04582828441896,"kallisto","EDA"
"E3","1k-1.5k",94281.6735034412,15.347952934137,"kallisto","EDA"
"E3","1.5k-2k",175578.999246204,16.9210353027609,"kallisto","EDA"
"E3","2k-2.5k",150812.247117847,15.26455396701,"kallisto","EDA"
"E3","2.5k-3k",99725.3589102344,12.5692922147151,"kallisto","EDA"
"E3","3k-3.5k",73352.8076683194,11.1921360285876,"kallisto","EDA"
"E3","3.5k-4k",100177.236766301,10.4882023344674,"kallisto","EDA"
"E3","4k-4.5k",54525.2900690663,12.0789763718099,"kallisto","EDA"
"E3","4.5k-5k",38868.6255957124,10.5737688195576,"kallisto","EDA"
"E3","5k+",204008.785403229,9.95705646827813,"kallisto","EDA"
"isoB11","0k-0.5k",473.686622714808,5.88383848289179,"kallisto","EDA"
"isoB11","0.5k-1k",8145.72975357844,5.94248444964273,"kallisto","EDA"
"isoB11","1k-1.5k",91914.4336863969,15.0714575972005,"kallisto","EDA"
"isoB11","1.5k-2k",186183.747396783,17.6905503511985,"kallisto","EDA"
"isoB11","2k-2.5k",156205.170043819,15.8936191889926,"kallisto","EDA"
"isoB11","2.5k-3k",99825.364409256,12.7033005594231,"kallisto","EDA"
"isoB11","3k-3.5k",72529.8520734156,11.4140310216722,"kallisto","EDA"
"isoB11","3.5k-4k",93789.0382741295,10.5374489510044,"kallisto","EDA"
"isoB11","4k-4.5k",53730.5696489345,12.1419081490332,"kallisto","EDA"
"isoB11","4.5k-5k",38247.0834363909,10.6218658352236,"kallisto","EDA"
"isoB11","5k+",198955.324654581,9.99237050651595,"kallisto","EDA"
"All","0k-0.5k",909.842508265526,5.56913301261187,"kallisto","EDA"
"All","0.5k-1k",16378.5495876724,5.98946285022605,"kallisto","EDA"
"All","1k-1.5k",186196.107189838,15.1569660164991,"kallisto","EDA"
"All","1.5k-2k",361762.746642987,17.3017541577498,"kallisto","EDA"
"All","2k-2.5k",307017.417161666,15.5762598695604,"kallisto","EDA"
"All","2.5k-3k",199550.72331949,12.636292037651,"kallisto","EDA"
"All","3k-3.5k",145882.659741735,11.3020460936318,"kallisto","EDA"
"All","3.5k-4k",193966.275040431,10.494155091579,"kallisto","EDA"
"All","4k-4.5k",108255.859718001,12.1105799121837,"kallisto","EDA"
"All","4.5k-5k",77115.7090321033,10.5749652769108,"kallisto","EDA"
"All","5k+",402964.110057811,9.97382146128627,"kallisto","EDA"
"E3","0k-0.5k",972.769901893345,3.72429658251868,"oarfish","EDA"
"E3","0.5k-1k",16801.9712950233,4.55768150316666,"oarfish","EDA"
"E3","1k-1.5k",107594.743609156,10.0125454765152,"oarfish","EDA"
"E3","1.5k-2k",172792.541883316,11.6623977530851,"oarfish","EDA"
"E3","2k-2.5k",138910.070982266,9.99066887760735,"oarfish","EDA"
"E3","2.5k-3k",95957.5388689653,8.27522893852658,"oarfish","EDA"
"E3","3k-3.5k",72616.4220247009,7.15402540462163,"oarfish","EDA"
"E3","3.5k-4k",96791.9523856943,6.98824915992448,"oarfish","EDA"
"E3","4k-4.5k",54851.1968573389,7.20283385330889,"oarfish","EDA"
"E3","4.5k-5k",40106.7520082858,6.22329066810313,"oarfish","EDA"
"E3","5k+",202604.04018336,5.29522311514144,"oarfish","EDA"
"isoB11","0k-0.5k",1003.75186049689,4.07215119686001,"oarfish","EDA"
"isoB11","0.5k-1k",15560.8439452359,4.34851132985621,"oarfish","EDA"
"isoB11","1k-1.5k",96747.2952454267,9.28622012418498,"oarfish","EDA"
"isoB11","1.5k-2k",178802.046274011,12.0296677867287,"oarfish","EDA"
"isoB11","2k-2.5k",143566.152367613,10.5785118347912,"oarfish","EDA"
"isoB11","2.5k-3k",97561.6314346638,8.56160478965152,"oarfish","EDA"
"isoB11","3k-3.5k",72774.8167685054,7.45853160299885,"oarfish","EDA"
"isoB11","3.5k-4k",92685.5893134788,7.2583640989097,"oarfish","EDA"
"isoB11","4k-4.5k",55513.131338567,7.53868068060409,"oarfish","EDA"
"isoB11","4.5k-5k",41028.6394140587,6.61949803796405,"oarfish","EDA"
"isoB11","5k+",204756.102037943,5.58298390295284,"oarfish","EDA"
"All","0k-0.5k",1976.52176239024,3.89459349065846,"oarfish","EDA"
"All","0.5k-1k",32362.8152402592,4.43514860121784,"oarfish","EDA"
"All","1k-1.5k",204342.038854583,9.64880421012218,"oarfish","EDA"
"All","1.5k-2k",351594.588157327,11.8452362928163,"oarfish","EDA"
"All","2k-2.5k",282476.223349879,10.2822747019758,"oarfish","EDA"
"All","2.5k-3k",193519.170303629,8.40713615751633,"oarfish","EDA"
"All","3k-3.5k",145391.238793206,7.30657228870193,"oarfish","EDA"
"All","3.5k-4k",189477.541699173,7.12332617648197,"oarfish","EDA"
"All","4k-4.5k",110364.328195906,7.36039343590596,"oarfish","EDA"
"All","4.5k-5k",81135.3914223445,6.41081536899406,"oarfish","EDA"
"All","5k+",407360.142221303,5.438277009412,"oarfish","EDA"
"E3","0k-0.5k",280.197512790609,1.32178691143911,"flair","EDA"
"E3","0.5k-1k",13183.090187984,2.80140571423471,"flair","EDA"
"E3","1k-1.5k",158467.950810385,1.79238239393495,"flair","EDA"
"E3","1.5k-2k",296033.846505897,1.83665563266081,"flair","EDA"
"E3","2k-2.5k",180471.169388106,2.01509067805322,"flair","EDA"
"E3","2.5k-3k",110503.792676923,1.98442601353429,"flair","EDA"
"E3","3k-3.5k",67312.3572003098,1.98781364965659,"flair","EDA"
"E3","3.5k-4k",69188.8506669995,2.06369767548119,"flair","EDA"
"E3","4k-4.5k",34326.2410009341,2.17551709326379,"flair","EDA"
"E3","4.5k-5k",20211.3109010554,2.12289191052204,"flair","EDA"
"E3","5k+",50021.1931486157,2.4123124933589,"flair","EDA"
"isoB11","0k-0.5k",239.863955276735,1.14588076512437,"flair","EDA"
"isoB11","0.5k-1k",7889.42152024908,2.10625026991808,"flair","EDA"
"isoB11","1k-1.5k",130170.642869545,1.36892129361898,"flair","EDA"
"isoB11","1.5k-2k",291949.84346971,1.39302713423173,"flair","EDA"
"isoB11","2k-2.5k",200740.442746488,1.5535486410636,"flair","EDA"
"isoB11","2.5k-3k",118213.751211806,1.5747028396435,"flair","EDA"
"isoB11","3k-3.5k",71729.2433773764,1.63352144511633,"flair","EDA"
"isoB11","3.5k-4k",71050.9229793173,1.722165480433,"flair","EDA"
"isoB11","4k-4.5k",36402.3024146841,1.90375301698243,"flair","EDA"
"isoB11","4.5k-5k",21830.4002097487,1.95811456472282,"flair","EDA"
"isoB11","5k+",49783.1652457991,2.28336623135149,"flair","EDA"
"All","0k-0.5k",520.061468067344,1.20614796112601,"flair","EDA"
"All","0.5k-1k",21072.511708233,2.42441536510054,"flair","EDA"
"All","1k-1.5k",288638.59367993,1.53342058626952,"flair","EDA"
"All","1.5k-2k",587983.689975607,1.55762638383973,"flair","EDA"
"All","2k-2.5k",381211.612134594,1.73312305128067,"flair","EDA"
"All","2.5k-3k",228717.543888729,1.73729917862398,"flair","EDA"
"All","3k-3.5k",139041.600577686,1.77796577865407,"flair","EDA"
"All","3.5k-4k",140239.773646317,1.86366374349427,"flair","EDA"
"All","4k-4.5k",70728.5434156182,2.02158202912922,"flair","EDA"
"All","4.5k-5k",42041.7111108041,2.02865226763337,"flair","EDA"
"All","5k+",99804.3583944149,2.34456244041116,"flair","EDA"
"E3","0k-0.5k",270.01260748636,3.39521074115224,"isoquant","cqn"
"E3","0.5k-1k",6679.60636438961,6.63788214973982,"isoquant","cqn"
"E3","1k-1.5k",85717.7445870022,10.1000539238081,"isoquant","cqn"
"E3","1.5k-2k",184164.929950716,10.2629459470411,"isoquant","cqn"
"E3","2k-2.5k",160496.074643195,9.38841790646906,"isoquant","cqn"
"E3","2.5k-3k",108340.45188128,7.30786348633227,"isoquant","cqn"
"E3","3k-3.5k",85489.368685013,6.21756730590882,"isoquant","cqn"
"E3","3.5k-4k",139560.983774283,6.39886140938736,"isoquant","cqn"
"E3","4k-4.5k",61000.6579387458,6.81181776914736,"isoquant","cqn"
"E3","4.5k-5k",41736.1292762755,5.98232539197533,"isoquant","cqn"
"E3","5k+",126544.040291613,6.74685334177643,"isoquant","cqn"
"isoB11","0k-0.5k",217.469049341151,2.22616899136795,"isoquant","cqn"
"isoB11","0.5k-1k",6324.19123802601,5.88289818850034,"isoquant","cqn"
"isoB11","1k-1.5k",92925.2966603923,9.91623304140816,"isoquant","cqn"
"isoB11","1.5k-2k",196624.98501332,9.78274662658669,"isoquant","cqn"
"isoB11","2k-2.5k",159079.919424761,8.69913844449022,"isoquant","cqn"
"isoB11","2.5k-3k",102987.147620958,6.46909982558455,"isoquant","cqn"
"isoB11","3k-3.5k",82398.4233721543,5.84820725098788,"isoquant","cqn"
"isoB11","3.5k-4k",134845.327783742,5.84507583310389,"isoquant","cqn"
"isoB11","4k-4.5k",58005.1746357187,6.39522781401618,"isoquant","cqn"
"isoB11","4.5k-5k",38503.2055812442,5.67328918864496,"isoquant","cqn"
"isoB11","5k+",128088.859620342,6.39563529236993,"isoquant","cqn"
"All","0k-0.5k",487.48165682751,2.82627838095376,"isoquant","cqn"
"All","0.5k-1k",13003.7976024156,6.20814620639204,"isoquant","cqn"
"All","1k-1.5k",178643.041247394,9.95839449503252,"isoquant","cqn"
"All","1.5k-2k",380789.914964037,9.99677920524528,"isoquant","cqn"
"All","2k-2.5k",319575.994067957,9.04328326480829,"isoquant","cqn"
"All","2.5k-3k",211327.599502238,6.88848239691412,"isoquant","cqn"
"All","3k-3.5k",167887.792057167,6.02201508729941,"isoquant","cqn"
"All","3.5k-4k",274406.311558025,6.12154831782626,"isoquant","cqn"
"All","4k-4.5k",119005.832574464,6.59088098602705,"isoquant","cqn"
"All","4.5k-5k",80239.3348575197,5.81348483921757,"isoquant","cqn"
"All","5k+",254632.899911955,6.57114333647618,"isoquant","cqn"
"E3","0k-0.5k",38442.2217832678,12.0051226381288,"bambu","cqn"
"E3","0.5k-1k",12564.9913984759,5.14944384662812,"bambu","cqn"
"E3","1k-1.5k",78159.5839114655,11.9644163999359,"bambu","cqn"
"E3","1.5k-2k",152259.954962681,13.7985967957831,"bambu","cqn"
"E3","2k-2.5k",124749.486678854,12.5905178200088,"bambu","cqn"
"E3","2.5k-3k",88957.2595696076,10.9319066104564,"bambu","cqn"
"E3","3k-3.5k",69938.8969101276,9.75246637308433,"bambu","cqn"
"E3","3.5k-4k",111978.989137759,10.3025900903512,"bambu","cqn"
"E3","4k-4.5k",53571.8936925598,10.7433433506431,"bambu","cqn"
"E3","4.5k-5k",40645.6173657601,9.55584310240818,"bambu","cqn"
"E3","5k+",228731.104589442,9.19994738588176,"bambu","cqn"
"isoB11","0k-0.5k",5496.01089641463,4.72975760263396,"bambu","cqn"
"isoB11","0.5k-1k",13091.2173900465,5.18497255724446,"bambu","cqn"
"isoB11","1k-1.5k",81331.7471969094,11.9872343393585,"bambu","cqn"
"isoB11","1.5k-2k",169325.030384931,14.232236997018,"bambu","cqn"
"isoB11","2k-2.5k",127020.489940739,12.6066976725676,"bambu","cqn"
"isoB11","2.5k-3k",87759.0242888108,10.6973377144874,"bambu","cqn"
"isoB11","3k-3.5k",70724.0231001595,9.64661449866267,"bambu","cqn"
"isoB11","3.5k-4k",127917.643121913,10.4199106966884,"bambu","cqn"
"isoB11","4k-4.5k",53234.8347431661,10.8054134067495,"bambu","cqn"
"isoB11","4.5k-5k",40510.2837269262,9.54147965625362,"bambu","cqn"
"isoB11","5k+",223589.695209984,9.06930964149729,"bambu","cqn"
"All","0k-0.5k",43938.2326796824,8.11114347956161,"bambu","cqn"
"All","0.5k-1k",25656.2087885224,5.167705655602,"bambu","cqn"
"All","1k-1.5k",159491.331108375,11.9423538033876,"bambu","cqn"
"All","1.5k-2k",321584.985347611,14.0073314743833,"bambu","cqn"
"All","2k-2.5k",251769.976619593,12.5990099016384,"bambu","cqn"
"All","2.5k-3k",176716.283858418,10.8146374237686,"bambu","cqn"
"All","3k-3.5k",140662.920010287,9.6820008321302,"bambu","cqn"
"All","3.5k-4k",239896.632259672,10.3429599428142,"bambu","cqn"
"All","4k-4.5k",106806.728435726,10.7740989721638,"bambu","cqn"
"All","4.5k-5k",81155.9010926863,9.54711508322744,"bambu","cqn"
"All","5k+",452320.799799426,9.1319505104494,"bambu","cqn"
"E3","0k-0.5k",489.432040611993,5.71794810756286,"kallisto","cqn"
"E3","0.5k-1k",7795.21672755846,5.91556999810282,"kallisto","cqn"
"E3","1k-1.5k",78647.44595325,12.7058341573036,"kallisto","cqn"
"E3","1.5k-2k",152185.090763218,15.2983771445418,"kallisto","cqn"
"E3","2k-2.5k",145882.880836845,14.560875434025,"kallisto","cqn"
"E3","2.5k-3k",99497.0751856123,12.6545572336426,"kallisto","cqn"
"E3","3k-3.5k",76646.8852289703,11.7260113088687,"kallisto","cqn"
"E3","3.5k-4k",103580.600803623,11.2739270996227,"kallisto","cqn"
"E3","4k-4.5k",59299.5126487908,13.3250935006043,"kallisto","cqn"
"E3","4.5k-5k",43009.7335020473,11.9486245083904,"kallisto","cqn"
"E3","5k+",232966.126309473,11.2348662679302,"kallisto","cqn"
"isoB11","0k-0.5k",513.430828886477,6.10875103284837,"kallisto","cqn"
"isoB11","0.5k-1k",8148.82637831202,6.04223500261806,"kallisto","cqn"
"isoB11","1k-1.5k",82156.654352712,13.1248844976947,"kallisto","cqn"
"isoB11","1.5k-2k",159870.406424988,15.7496233031579,"kallisto","cqn"
"isoB11","2k-2.5k",144602.482306331,14.2693195884603,"kallisto","cqn"
"isoB11","2.5k-3k",96089.8388579086,12.1233210198202,"kallisto","cqn"
"isoB11","3k-3.5k",75504.8321624632,11.5911004923505,"kallisto","cqn"
"isoB11","3.5k-4k",103149.717829434,11.315359930498,"kallisto","cqn"
"isoB11","4k-4.5k",58619.8562704825,13.320952459133,"kallisto","cqn"
"isoB11","4.5k-5k",42062.9952171209,11.8355910799549,"kallisto","cqn"
"isoB11","5k+",229280.959371361,11.1816915282814,"kallisto","cqn"
"All","0k-0.5k",1002.86286949847,5.62022273710823,"kallisto","cqn"
"All","0.5k-1k",15944.0431058705,5.97935980402297,"kallisto","cqn"
"All","1k-1.5k",160804.100305962,12.8717839292504,"kallisto","cqn"
"All","1.5k-2k",312055.497188207,15.4878551759481,"kallisto","cqn"
"All","2k-2.5k",290485.363143175,14.4159460859062,"kallisto","cqn"
"All","2.5k-3k",195586.914043521,12.3869614293423,"kallisto","cqn"
"All","3k-3.5k",152151.717391434,11.6423183282397,"kallisto","cqn"
"All","3.5k-4k",206730.318633058,11.294137298124,"kallisto","cqn"
"All","4k-4.5k",117919.368919273,13.2993032478597,"kallisto","cqn"
"All","4.5k-5k",85072.7287191682,11.867116950273,"kallisto","cqn"
"All","5k+",462247.085680833,11.2048560327527,"kallisto","cqn"
"E3","0k-0.5k",837.793355322992,3.21919674268224,"oarfish","cqn"
"E3","0.5k-1k",13638.0013317449,3.57622247956846,"oarfish","cqn"
"E3","1k-1.5k",82350.9166760052,7.77184235777887,"oarfish","cqn"
"E3","1.5k-2k",150352.74440176,9.98575477081433,"oarfish","cqn"
"E3","2k-2.5k",133767.113654917,9.12104999442546,"oarfish","cqn"
"E3","2.5k-3k",95087.5772627475,7.91670044789527,"oarfish","cqn"
"E3","3k-3.5k",70524.2030370376,7.1008695245824,"oarfish","cqn"
"E3","3.5k-4k",96345.9231889771,7.18120408308521,"oarfish","cqn"
"E3","4k-4.5k",58591.9761738343,7.64144113076607,"oarfish","cqn"
"E3","4.5k-5k",44626.8576900138,6.93365238305281,"oarfish","cqn"
"E3","5k+",253876.893227639,6.60376536814064,"oarfish","cqn"
"isoB11","0k-0.5k",765.046736801524,3.07937912670781,"oarfish","cqn"
"isoB11","0.5k-1k",13758.3831507285,3.46161131787667,"oarfish","cqn"
"isoB11","1k-1.5k",81793.5830218374,7.63333393054801,"oarfish","cqn"
"isoB11","1.5k-2k",158818.322452758,10.3227536309281,"oarfish","cqn"
"isoB11","2k-2.5k",137005.33132226,9.24719215071933,"oarfish","cqn"
"isoB11","2.5k-3k",94052.8791212147,7.77960601741149,"oarfish","cqn"
"isoB11","3k-3.5k",69917.3714762512,7.04082784310194,"oarfish","cqn"
"isoB11","3.5k-4k",95990.7825429835,7.17195747708549,"oarfish","cqn"
"isoB11","4k-4.5k",57872.7206180455,7.66648321794236,"oarfish","cqn"
"isoB11","4.5k-5k",44258.480344331,6.99027133968844,"oarfish","cqn"
"isoB11","5k+",245767.099212789,6.46826332561968,"oarfish","cqn"
"All","0k-0.5k",1602.84009212452,3.14940323437704,"oarfish","cqn"
"All","0.5k-1k",27396.3844824735,3.51094135718084,"oarfish","cqn"
"All","1k-1.5k",164144.499697843,7.70180076261813,"oarfish","cqn"
"All","1.5k-2k",309171.066854518,10.1479738530975,"oarfish","cqn"
"All","2k-2.5k",270772.444977177,9.17204166425263,"oarfish","cqn"
"All","2.5k-3k",189140.456383962,7.8391635483352,"oarfish","cqn"
"All","3k-3.5k",140441.574513289,7.07127792880525,"oarfish","cqn"
"All","3.5k-4k",192336.705731961,7.16743841152681,"oarfish","cqn"
"All","4k-4.5k",116464.69679188,7.64364731951176,"oarfish","cqn"
"All","4.5k-5k",88885.3380343448,6.95103685902582,"oarfish","cqn"
"All","5k+",499643.992440428,6.53645476911536,"oarfish","cqn"
"E3","0k-0.5k",414.139562297038,2.11395767487106,"flair","cqn"
"E3","0.5k-1k",8314.77518367613,1.46913614533655,"flair","cqn"
"E3","1k-1.5k",112598.631799273,0.815897262263805,"flair","cqn"
"E3","1.5k-2k",234230.309901217,0.794973300832897,"flair","cqn"
"E3","2k-2.5k",177293.091833923,0.947767198469228,"flair","cqn"
"E3","2.5k-3k",118096.558215229,1.07180984992957,"flair","cqn"
"E3","3k-3.5k",83112.7703479763,1.23032735661382,"flair","cqn"
"E3","3.5k-4k",107063.79430136,1.47782687387175,"flair","cqn"
"E3","4k-4.5k",48545.2394986706,1.80694265982022,"flair","cqn"
"E3","4.5k-5k",30009.1783465144,1.96175150819213,"flair","cqn"
"E3","5k+",80321.5110098626,2.83038107767116,"flair","cqn"
"isoB11","0k-0.5k",348.267541123219,1.4544961716477,"flair","cqn"
"isoB11","0.5k-1k",5063.2605790685,0.88308117782981,"flair","cqn"
"isoB11","1k-1.5k",102361.432450915,0.36383489849301,"flair","cqn"
"isoB11","1.5k-2k",246899.80068422,0.397632211423026,"flair","cqn"
"isoB11","2k-2.5k",184694.525618804,0.560638508803661,"flair","cqn"
"isoB11","2.5k-3k",114511.698767963,0.731328032409324,"flair","cqn"
"isoB11","3k-3.5k",76421.4735201913,0.957884400462313,"flair","cqn"
"isoB11","3.5k-4k",109919.512236749,1.23871429505832,"flair","cqn"
"isoB11","4k-4.5k",46442.1299810017,1.579604206632,"flair","cqn"
"isoB11","4.5k-5k",30019.456973987,1.80941753686805,"flair","cqn"
"isoB11","5k+",83318.4416459768,2.70875797189316,"flair","cqn"
"All","0k-0.5k",762.407103420257,1.76782918918675,"flair","cqn"
"All","0.5k-1k",13378.0357627446,1.17309541121406,"flair","cqn"
"All","1k-1.5k",214960.064250188,0.589764076862231,"flair","cqn"
"All","1.5k-2k",481130.110585438,0.596066319191349,"flair","cqn"
"All","2k-2.5k",361987.617452727,0.754019666873851,"flair","cqn"
"All","2.5k-3k",232608.256983192,0.901274573071681,"flair","cqn"
"All","3k-3.5k",159534.243868168,1.09323635734664,"flair","cqn"
"All","3.5k-4k",216983.306538109,1.35729921570283,"flair","cqn"
"All","4k-4.5k",94987.3694796723,1.69177300640852,"flair","cqn"
"All","4.5k-5k",60028.6353205014,1.88371177280801,"flair","cqn"
"All","5k+",163639.952655839,2.7668311376035,"flair","cqn"
"E3","0k-0.5k",723.862176402786,18.5605686257125,"isoquant","ratio_counts"
"E3","0.5k-1k",17995.9745821141,26.9260052520437,"isoquant","ratio_counts"
"E3","1k-1.5k",66136.3441065953,28.6407411352449,"isoquant","ratio_counts"
"E3","1.5k-2k",113372.691495434,25.9888016899243,"isoquant","ratio_counts"
"E3","2k-2.5k",123080.745809578,25.8653295364549,"isoquant","ratio_counts"
"E3","2.5k-3k",120297.421019481,26.3577296737752,"isoquant","ratio_counts"
"E3","3k-3.5k",105576.547721809,26.9444876226375,"isoquant","ratio_counts"
"E3","3.5k-4k",97551.4030147472,27.6621405337889,"isoquant","ratio_counts"
"E3","4k-4.5k",84050.5220217563,28.0770700071655,"isoquant","ratio_counts"
"E3","4.5k-5k",67906.1327771131,28.8363356985045,"isoquant","ratio_counts"
"E3","5k+",203308.35527497,31.1543914676669,"isoquant","ratio_counts"
"isoB11","0k-0.5k",605.155895402218,15.1025049888461,"isoquant","ratio_counts"
"isoB11","0.5k-1k",12344.4106083704,18.3240689421886,"isoquant","ratio_counts"
"isoB11","1k-1.5k",48584.8730758262,21.3579773397269,"isoquant","ratio_counts"
"isoB11","1.5k-2k",103646.873503864,23.5561892437097,"isoquant","ratio_counts"
"isoB11","2k-2.5k",120044.8574985,24.4775099789392,"isoquant","ratio_counts"
"isoB11","2.5k-3k",118589.867874738,24.9324872327736,"isoquant","ratio_counts"
"isoB11","3k-3.5k",108483.440191656,25.9031580263466,"isoquant","ratio_counts"
"isoB11","3.5k-4k",100178.164061748,26.5811248285325,"isoquant","ratio_counts"
"isoB11","4k-4.5k",92173.7427698349,27.8052428634886,"isoquant","ratio_counts"
"isoB11","4.5k-5k",73530.97401786,28.7395114685619,"isoquant","ratio_counts"
"isoB11","5k+",221817.6405022,30.910479216444,"isoquant","ratio_counts"
"All","0k-0.5k",1329.018071805,16.6204197334906,"isoquant","ratio_counts"
"All","0.5k-1k",30340.3851904845,22.5813502349357,"isoquant","ratio_counts"
"All","1k-1.5k",114721.217182422,25.0239610093822,"isoquant","ratio_counts"
"All","1.5k-2k",217019.564999298,24.7515748655944,"isoquant","ratio_counts"
"All","2k-2.5k",243125.603308078,25.150272806845,"isoquant","ratio_counts"
"All","2.5k-3k",238887.288894219,25.6200416934446,"isoquant","ratio_counts"
"All","3k-3.5k",214059.987913465,26.3895916171704,"isoquant","ratio_counts"
"All","3.5k-4k",197729.567076495,27.082150035022,"isoquant","ratio_counts"
"All","4k-4.5k",176224.264791591,27.9181260169764,"isoquant","ratio_counts"
"All","4.5k-5k",141437.106794973,28.7717186799349,"isoquant","ratio_counts"
"All","5k+",425125.99577717,30.980412526239,"isoquant","ratio_counts"
"E3","0k-0.5k",1637.53729447837,17.1485903842766,"bambu","ratio_counts"
"E3","0.5k-1k",25252.9417198309,22.3701085405236,"bambu","ratio_counts"
"E3","1k-1.5k",68900.6171169126,26.5882240389535,"bambu","ratio_counts"
"E3","1.5k-2k",100183.028322773,24.3012180079692,"bambu","ratio_counts"
"E3","2k-2.5k",107394.43741058,23.4662140608239,"bambu","ratio_counts"
"E3","2.5k-3k",97055.6513500945,23.024267828947,"bambu","ratio_counts"
"E3","3k-3.5k",83849.5985337266,22.8527489778135,"bambu","ratio_counts"
"E3","3.5k-4k",78772.4099703791,22.5841129015638,"bambu","ratio_counts"
"E3","4k-4.5k",69235.6016114409,22.6305618071875,"bambu","ratio_counts"
"E3","4.5k-5k",57595.4964864087,22.0821318715759,"bambu","ratio_counts"
"E3","5k+",310122.680183375,21.8631403144404,"bambu","ratio_counts"
"isoB11","0k-0.5k",1676.85178166494,16.2368928059862,"bambu","ratio_counts"
"isoB11","0.5k-1k",20339.9325535717,17.938641423072,"bambu","ratio_counts"
"isoB11","1k-1.5k",52797.8326013119,20.4535361941733,"bambu","ratio_counts"
"isoB11","1.5k-2k",88394.529427468,21.6496297057375,"bambu","ratio_counts"
"isoB11","2k-2.5k",101121.540383062,22.1043982559023,"bambu","ratio_counts"
"isoB11","2.5k-3k",93405.3469961779,22.0548709811201,"bambu","ratio_counts"
"isoB11","3k-3.5k",82541.925053044,22.4104031536093,"bambu","ratio_counts"
"isoB11","3.5k-4k",78095.9522663474,22.3142923284015,"bambu","ratio_counts"
"isoB11","4k-4.5k",70629.2775855672,22.9550079473315,"bambu","ratio_counts"
"isoB11","4.5k-5k",59432.1209965486,22.8814335671921,"bambu","ratio_counts"
"isoB11","5k+",351564.690355236,24.3763973774005,"bambu","ratio_counts"
"All","0k-0.5k",3314.3890761433,16.689153625615,"bambu","ratio_counts"
"All","0.5k-1k",45592.8742734026,20.0761900451497,"bambu","ratio_counts"
"All","1k-1.5k",121698.449718225,23.4231981175107,"bambu","ratio_counts"
"All","1.5k-2k",188577.557750241,22.9554953013234,"bambu","ratio_counts"
"All","2k-2.5k",208515.977793642,22.7833894527162,"bambu","ratio_counts"
"All","2.5k-3k",190460.998346272,22.5399049411856,"bambu","ratio_counts"
"All","3k-3.5k",166391.523586771,22.6316070295138,"bambu","ratio_counts"
"All","3.5k-4k",156868.362236727,22.4533237824791,"bambu","ratio_counts"
"All","4k-4.5k",139864.879197008,22.7982101411955,"bambu","ratio_counts"
"All","4.5k-5k",117027.617482957,22.4867894728773,"bambu","ratio_counts"
"All","5k+",661687.370538611,23.1161997233029,"bambu","ratio_counts"
"E3","0k-0.5k",1288.34642640241,18.8881970246556,"kallisto","ratio_counts"
"E3","0.5k-1k",22660.231768007,25.5398250717744,"kallisto","ratio_counts"
"E3","1k-1.5k",66535.6671887507,29.2684672971727,"kallisto","ratio_counts"
"E3","1.5k-2k",99093.2522108431,26.2643415916839,"kallisto","ratio_counts"
"E3","2k-2.5k",110836.716505549,25.4422434782933,"kallisto","ratio_counts"
"E3","2.5k-3k",102902.990410637,25.2502998683363,"kallisto","ratio_counts"
"E3","3k-3.5k",88482.5379737112,25.2863047950044,"kallisto","ratio_counts"
"E3","3.5k-4k",84810.2544858079,25.3374924991694,"kallisto","ratio_counts"
"E3","4k-4.5k",71535.845019249,25.6987431982651,"kallisto","ratio_counts"
"E3","4.5k-5k",57438.8290655488,24.8959854163649,"kallisto","ratio_counts"
"E3","5k+",294415.328945494,24.4975240564229,"kallisto","ratio_counts"
"isoB11","0k-0.5k",1236.47337204833,17.4337878903884,"kallisto","ratio_counts"
"isoB11","0.5k-1k",16864.2524033347,18.8799212133694,"kallisto","ratio_counts"
"isoB11","1k-1.5k",50651.3014288989,22.2425258546086,"kallisto","ratio_counts"
"isoB11","1.5k-2k",89484.0304826968,23.6230502741193,"kallisto","ratio_counts"
"isoB11","2k-2.5k",106061.177356089,24.1977199697218,"kallisto","ratio_counts"
"isoB11","2.5k-3k",101018.592216063,24.6064007515273,"kallisto","ratio_counts"
"isoB11","3k-3.5k",87928.6776391435,25.1043165856304,"kallisto","ratio_counts"
"isoB11","3.5k-4k",85969.3974683253,25.3175656176596,"kallisto","ratio_counts"
"isoB11","4k-4.5k",72981.0460515352,26.232916147965,"kallisto","ratio_counts"
"isoB11","4.5k-5k",60011.4772259328,25.8738016175729,"kallisto","ratio_counts"
"isoB11","5k+",327793.574355932,27.1841717670368,"kallisto","ratio_counts"
"All","0k-0.5k",2524.81979845074,18.1210137700169,"kallisto","ratio_counts"
"All","0.5k-1k",39524.4841713417,22.1101508429826,"kallisto","ratio_counts"
"All","1k-1.5k",117186.96861765,25.6263542758515,"kallisto","ratio_counts"
"All","1.5k-2k",188577.28269354,24.9222600781273,"kallisto","ratio_counts"
"All","2k-2.5k",216897.893861637,24.8174278401047,"kallisto","ratio_counts"
"All","2.5k-3k",203921.582626701,24.928905204723,"kallisto","ratio_counts"
"All","3k-3.5k",176411.215612855,25.1956204006788,"kallisto","ratio_counts"
"All","3.5k-4k",170779.651954133,25.3254244825617,"kallisto","ratio_counts"
"All","4k-4.5k",144516.891070784,25.9690324631895,"kallisto","ratio_counts"
"All","4.5k-5k",117450.306291482,25.3838685869134,"kallisto","ratio_counts"
"All","5k+",622208.903301426,25.8377387799705,"kallisto","ratio_counts"
"E3","0k-0.5k",2214.16982706899,10.6425501561916,"oarfish","ratio_counts"
"E3","0.5k-1k",26773.4500300207,15.0903492230923,"oarfish","ratio_counts"
"E3","1k-1.5k",62966.232036973,18.5636091832759,"oarfish","ratio_counts"
"E3","1.5k-2k",90807.4416538103,17.7277170582848,"oarfish","ratio_counts"
"E3","2k-2.5k",100941.517207703,17.2231614427258,"oarfish","ratio_counts"
"E3","2.5k-3k",94544.3540392847,17.1715467171006,"oarfish","ratio_counts"
"E3","3k-3.5k",82777.1269715288,16.6902786711559,"oarfish","ratio_counts"
"E3","3.5k-4k",79449.0716847121,16.7128875408701,"oarfish","ratio_counts"
"E3","4k-4.5k",69819.811490968,16.5685939552641,"oarfish","ratio_counts"
"E3","4.5k-5k",58136.6889723322,16.2015101612758,"oarfish","ratio_counts"
"E3","5k+",331570.136085598,15.9902281032652,"oarfish","ratio_counts"
"isoB11","0k-0.5k",2483.97167090508,11.8018901863295,"oarfish","ratio_counts"
"isoB11","0.5k-1k",23056.7377690541,13.0420205793889,"oarfish","ratio_counts"
"isoB11","1k-1.5k",50422.9111696154,14.8793242159582,"oarfish","ratio_counts"
"isoB11","1.5k-2k",82162.2953724438,16.0056767028556,"oarfish","ratio_counts"
"isoB11","2k-2.5k",95375.6329257778,16.2326674110335,"oarfish","ratio_counts"
"isoB11","2.5k-3k",90472.6450257711,16.3881841401839,"oarfish","ratio_counts"
"isoB11","3k-3.5k",81656.7302642203,16.4180856419659,"oarfish","ratio_counts"
"isoB11","3.5k-4k",78583.089845167,16.4395475118827,"oarfish","ratio_counts"
"isoB11","4k-4.5k",70957.3002630209,16.7260590276417,"oarfish","ratio_counts"
"isoB11","4.5k-5k",60196.1514843056,16.7270671289652,"oarfish","ratio_counts"
"isoB11","5k+",364632.534209719,17.5248345354425,"oarfish","ratio_counts"
"All","0k-0.5k",4698.14149797407,11.2343732712903,"oarfish","ratio_counts"
"All","0.5k-1k",49830.1877990747,14.0057610187112,"oarfish","ratio_counts"
"All","1k-1.5k",113389.143206588,16.6298718513024,"oarfish","ratio_counts"
"All","1.5k-2k",172969.737026254,16.8451812504544,"oarfish","ratio_counts"
"All","2k-2.5k",196317.150133481,16.721752614382,"oarfish","ratio_counts"
"All","2.5k-3k",185016.999065056,16.7734618161711,"oarfish","ratio_counts"
"All","3k-3.5k",164433.857235749,16.5528912019044,"oarfish","ratio_counts"
"All","3.5k-4k",158032.161529879,16.5763697146201,"oarfish","ratio_counts"
"All","4k-4.5k",140777.111753989,16.649934723898,"oarfish","ratio_counts"
"All","4.5k-5k",118332.840456638,16.4659263111765,"oarfish","ratio_counts"
"All","5k+",696202.670295318,16.7615062494311,"oarfish","ratio_counts"
"E3","0k-0.5k",659.110971146231,4.29809104136858,"flair","ratio_counts"
"E3","0.5k-1k",11938.7690624268,5.88183997265102,"flair","ratio_counts"
"E3","1k-1.5k",104975.257883399,5.11088269084915,"flair","ratio_counts"
"E3","1.5k-2k",177554.172149974,5.31033990143685,"flair","ratio_counts"
"E3","2k-2.5k",168645.944361718,5.87483404357865,"flair","ratio_counts"
"E3","2.5k-3k",143343.216597649,6.32596946680337,"flair","ratio_counts"
"E3","3k-3.5k",110198.84692022,6.64919372243246,"flair","ratio_counts"
"E3","3.5k-4k",83655.5197250703,6.93155113922384,"flair","ratio_counts"
"E3","4k-4.5k",62465.2211958891,7.11690860075189,"flair","ratio_counts"
"E3","4.5k-5k",40183.1010103906,7.12739188371445,"flair","ratio_counts"
"E3","5k+",96380.8401221177,7.47113144829765,"flair","ratio_counts"
"isoB11","0k-0.5k",543.401326479733,3.40407593436098,"flair","ratio_counts"
"isoB11","0.5k-1k",7109.23893485536,3.51271443836656,"flair","ratio_counts"
"isoB11","1k-1.5k",100400.934781578,3.70795162039224,"flair","ratio_counts"
"isoB11","1.5k-2k",189176.967782291,3.95027494727532,"flair","ratio_counts"
"isoB11","2k-2.5k",176089.572779979,4.32838262791253,"flair","ratio_counts"
"isoB11","2.5k-3k",149317.59867125,4.7271181208556,"flair","ratio_counts"
"isoB11","3k-3.5k",114518.28840273,5.08666610033434,"flair","ratio_counts"
"isoB11","3.5k-4k",85588.4885079785,5.35567230766714,"flair","ratio_counts"
"isoB11","4k-4.5k",60097.6141042016,5.56307283308667,"flair","ratio_counts"
"isoB11","4.5k-5k",37765.5451416521,5.68359331300868,"flair","ratio_counts"
"isoB11","5k+",79392.349567005,5.77769968952889,"flair","ratio_counts"
"All","0k-0.5k",1202.51229762596,3.80532699501072,"flair","ratio_counts"
"All","0.5k-1k",19048.0079972821,4.65386724694892,"flair","ratio_counts"
"All","1k-1.5k",205376.192664977,4.2830154780585,"flair","ratio_counts"
"All","1.5k-2k",366731.139932265,4.4914510978188,"flair","ratio_counts"
"All","2k-2.5k",344735.517141697,4.94972948924428,"flair","ratio_counts"
"All","2.5k-3k",292660.815268898,5.36859892985984,"flair","ratio_counts"
"All","3k-3.5k",224717.13532295,5.71542233629404,"flair","ratio_counts"
"All","3.5k-4k",169244.008233049,5.99674312612486,"flair","ratio_counts"
"All","4k-4.5k",122562.835300091,6.22422092880222,"flair","ratio_counts"
"All","4.5k-5k",77948.6461520427,6.31446358216587,"flair","ratio_counts"
"All","5k+",175773.189689123,6.56909876547204,"flair","ratio_counts"
