"Sample","Detected_SIRVs","Sensitivity","Tool"
"E31",43,0.467391304347826,"isoquant"
"E32",43,0.467391304347826,"isoquant"
"E33",43,0.467391304347826,"isoquant"
"isoB111",43,0.467391304347826,"isoquant"
"isoB112",43,0.467391304347826,"isoquant"
"isoB113",43,0.467391304347826,"isoquant"
"E31",36,0.391304347826087,"bambu"
"E32",36,0.391304347826087,"bambu"
"E33",36,0.391304347826087,"bambu"
"isoB111",35,0.380434782608696,"bambu"
"isoB112",36,0.391304347826087,"bambu"
"isoB113",36,0.391304347826087,"bambu"
"E31",43,0.467391304347826,"kallisto"
"E32",43,0.467391304347826,"kallisto"
"E33",43,0.467391304347826,"kallisto"
"isoB111",43,0.467391304347826,"kallisto"
"isoB112",43,0.467391304347826,"kallisto"
"isoB113",43,0.467391304347826,"kallisto"
"E31",43,0.467391304347826,"oarfish"
"E32",43,0.467391304347826,"oarfish"
"E33",43,0.467391304347826,"oarfish"
"isoB111",43,0.467391304347826,"oarfish"
"isoB112",43,0.467391304347826,"oarfish"
"isoB113",43,0.467391304347826,"oarfish"
"E31",0,0,"flair"
"E32",0,0,"flair"
"E33",0,0,"flair"
"isoB111",0,0,"flair"
"isoB112",0,0,"flair"
"isoB113",0,0,"flair"
