"Cohort","Term type","Term","Δz′","SE","df","95% CI lower","95% CI upper","t","Holm p"
"Mouse","Tool Effects","FLAIR (vs. Bambu)",-0.0215,0.0072,1163,-0.0395,-0.0034,-2.98,"0.00618"
"Mouse","Tool Effects","IsoQuant (vs. Bambu)",-0.0366,0.0072,1163,-0.0547,-0.0186,-5.08,"1.77e-06"
"Mouse","Tool Effects","Kallisto (vs. Bambu)",-0.0163,0.0072,1163,-0.0344,0.0017,-2.26,"0.0238"
"Mouse","Tool Effects","Oarfish (vs. Bambu)",0.0223,0.0072,1163,0.0042,0.0403,3.09,"0.00618"
"Mouse","Normalization Effects","CQN (vs. CPM)",-0.0586,0.0072,1163,-0.0767,-0.0406,-8.12,"2.3e-15"
"Mouse","Normalization Effects","EDASeq (vs. CPM)",-0.0532,0.0072,1163,-0.0712,-0.0351,-7.37,"3.17e-13"
"Mouse","Normalization Effects","SMR (vs. CPM)",-0.1537,0.0072,1163,-0.1717,-0.1356,-21.3,"1.16e-84"
"Mouse","Normalization Effects","TPM (vs. CPM)",0.0779,0.0072,1163,0.0598,0.0959,10.79,"1.84e-25"
"Mouse","Technology Effects","Iso-Seq (vs. cDNA ONT)",0.0826,0.0047,1163,0.072,0.0932,17.53,"6.12e-61"
"Mouse","Technology Effects","Kinnex (vs. cDNA ONT)",0.1108,0.0065,1171.7,0.0962,0.1254,17.02,"3e-58"
"Mouse","Tool × Normalization","FLAIR × CQN",0.0268,0.0213,1163,-0.0362,0.0898,1.26,"   1"
"Mouse","Tool × Normalization","IsoQuant × CQN",-0.0234,0.0213,1163,-0.0865,0.0396,-1.1,"   1"
"Mouse","Tool × Normalization","Kallisto × CQN",0.0276,0.0213,1163,-0.0354,0.0906,1.3,"   1"
"Mouse","Tool × Normalization","Oarfish × CQN",0.0096,0.0213,1163,-0.0535,0.0726,0.45,"   1"
"Mouse","Tool × Normalization","FLAIR × EDASeq",0.0827,0.0213,1163,0.0197,0.1457,3.89,"0.00173"
"Mouse","Tool × Normalization","IsoQuant × EDASeq",0.0743,0.0213,1163,0.0113,0.1373,3.49,"0.00746"
"Mouse","Tool × Normalization","Kallisto × EDASeq",0.0013,0.0213,1163,-0.0617,0.0644,0.06,"   1"
"Mouse","Tool × Normalization","Oarfish × EDASeq",0.0269,0.0213,1163,-0.0361,0.0899,1.26,"   1"
"Mouse","Tool × Normalization","FLAIR × SMR",-0.0563,0.0213,1163,-0.1193,0.0067,-2.65,"0.116"
"Mouse","Tool × Normalization","IsoQuant × SMR",-0.0535,0.0213,1163,-0.1166,0.0095,-2.52,"0.152"
"Mouse","Tool × Normalization","Kallisto × SMR",0.0491,0.0213,1163,-0.0139,0.1121,2.31,"0.212"
"Mouse","Tool × Normalization","Oarfish × SMR",-0.0046,0.0213,1163,-0.0676,0.0584,-0.22,"   1"
"Mouse","Tool × Normalization","FLAIR × TPM",-0.0538,0.0213,1163,-0.1168,0.0093,-2.53,"0.152"
"Mouse","Tool × Normalization","IsoQuant × TPM",-0.0505,0.0213,1163,-0.1136,0.0125,-2.37,"0.195"
"Mouse","Tool × Normalization","Kallisto × TPM",0.0018,0.0213,1163,-0.0612,0.0649,0.09,"   1"
"Mouse","Tool × Normalization","Oarfish × TPM",-0.0016,0.0213,1163,-0.0646,0.0614,-0.07,"   1"
"Mouse","Tool × Technology","FLAIR × Iso-Seq",-5e-4,0.0149,1163,-0.0413,0.0403,-0.03,"0.974"
"Mouse","Tool × Technology","IsoQuant × Iso-Seq",0.0406,0.0149,1163,-2e-4,0.0814,2.72,"0.0393"
"Mouse","Tool × Technology","Kallisto × Iso-Seq",-0.0304,0.0149,1163,-0.0712,0.0104,-2.04,"0.165"
"Mouse","Tool × Technology","Oarfish × Iso-Seq",0.0196,0.0149,1163,-0.0212,0.0604,1.31,"0.568"
"Mouse","Tool × Technology","FLAIR × Kinnex",0.0433,0.0189,1163,-0.0085,0.0951,2.29,"0.11"
"Mouse","Tool × Technology","IsoQuant × Kinnex",0.095,0.0189,1163,0.0432,0.1468,5.03,"4.65e-06"
"Mouse","Tool × Technology","Kallisto × Kinnex",0.0157,0.0189,1163,-0.0361,0.0675,0.83,"0.812"
"Mouse","Tool × Technology","Oarfish × Kinnex",0.0592,0.0189,1163,0.0074,0.111,3.13,"0.0124"
"Mouse","Normalization × Technology","CQN × Iso-Seq",-0.0015,0.0149,1163,-0.0423,0.0393,-0.1,"   1"
"Mouse","Normalization × Technology","EDASeq × Iso-Seq",0.0017,0.0149,1163,-0.0391,0.0426,0.12,"   1"
"Mouse","Normalization × Technology","SMR × Iso-Seq",0.0166,0.0149,1163,-0.0242,0.0574,1.11,"   1"
"Mouse","Normalization × Technology","TPM × Iso-Seq",0.2361,0.0149,1163,0.1953,0.2769,15.85,"1.79e-50"
"Mouse","Normalization × Technology","CQN × Kinnex",-0.0697,0.0189,1163,-0.1215,-0.0179,-3.68,"0.0012"
"Mouse","Normalization × Technology","EDASeq × Kinnex",0.0084,0.0189,1163,-0.0434,0.0602,0.45,"   1"
"Mouse","Normalization × Technology","SMR × Kinnex",-0.1143,0.0189,1163,-0.1661,-0.0625,-6.04,"1.22e-08"
"Mouse","Normalization × Technology","TPM × Kinnex",0.1411,0.0189,1163,0.0893,0.1929,7.46,"1.15e-12"
"iNeuron","Tool Effects","FLAIR (vs. Bambu)",-0.0676,0.0042,261,-0.0781,-0.057,-16.13,"1.72e-40"
"iNeuron","Tool Effects","IsoQuant (vs. Bambu)",-0.0452,0.0042,261,-0.0557,-0.0347,-10.8,"3.08e-22"
"iNeuron","Tool Effects","Kallisto (vs. Bambu)",0.0159,0.0042,261,0.0054,0.0264,3.8,"0.000366"
"iNeuron","Tool Effects","Oarfish (vs. Bambu)",0.0158,0.0042,261,0.0053,0.0263,3.78,"0.000366"
"iNeuron","Normalization Effects","CQN (vs. CPM)",-6e-4,0.0042,261,-0.0111,0.0099,-0.15,"   1"
"iNeuron","Normalization Effects","EDASeq (vs. CPM)",0.0156,0.0042,261,0.0051,0.0261,3.73,"0.000709"
"iNeuron","Normalization Effects","SMR (vs. CPM)",-0.2968,0.0042,261,-0.3073,-0.2863,-70.88,"6.59e-172"
"iNeuron","Normalization Effects","TPM (vs. CPM)",-0.0014,0.0042,261,-0.0119,0.0092,-0.33,"   1"
"iNeuron","Technology Effects","Kinnex (vs. cDNA ONT)",0.0193,0.0026,261,0.0141,0.0245,7.3,"3.54e-12"
"iNeuron","Tool × Normalization","FLAIR × CQN",-0.0281,0.0132,261,-0.0676,0.0114,-2.13,"0.38"
"iNeuron","Tool × Normalization","IsoQuant × CQN",-0.0433,0.0132,261,-0.0828,-0.0039,-3.27,"0.0181"
"iNeuron","Tool × Normalization","Kallisto × CQN",3e-4,0.0132,261,-0.0392,0.0398,0.02,"   1"
"iNeuron","Tool × Normalization","Oarfish × CQN",-0.0209,0.0132,261,-0.0604,0.0186,-1.58,"0.922"
"iNeuron","Tool × Normalization","FLAIR × EDASeq",0.0102,0.0132,261,-0.0293,0.0497,0.77,"   1"
"iNeuron","Tool × Normalization","IsoQuant × EDASeq",0.0263,0.0132,261,-0.0132,0.0658,1.99,"0.429"
"iNeuron","Tool × Normalization","Kallisto × EDASeq",0.0073,0.0132,261,-0.0322,0.0468,0.55,"   1"
"iNeuron","Tool × Normalization","Oarfish × EDASeq",0.0035,0.0132,261,-0.036,0.043,0.26,"   1"
"iNeuron","Tool × Normalization","FLAIR × SMR",0.0401,0.0132,261,6e-4,0.0796,3.03,"0.0375"
"iNeuron","Tool × Normalization","IsoQuant × SMR",-0.0367,0.0132,261,-0.0762,0.0028,-2.77,"0.0775"
"iNeuron","Tool × Normalization","Kallisto × SMR",-0.0057,0.0132,261,-0.0452,0.0338,-0.43,"   1"
"iNeuron","Tool × Normalization","Oarfish × SMR",0.0272,0.0132,261,-0.0123,0.0667,2.06,"0.407"
"iNeuron","Tool × Normalization","FLAIR × TPM",-0.0337,0.0132,261,-0.0732,0.0058,-2.55,"0.137"
"iNeuron","Tool × Normalization","IsoQuant × TPM",-0.0691,0.0132,261,-0.1086,-0.0296,-5.22,"5.88e-06"
"iNeuron","Tool × Normalization","Kallisto × TPM",-0.0165,0.0132,261,-0.056,0.023,-1.24,"   1"
"iNeuron","Tool × Normalization","Oarfish × TPM",0.0035,0.0132,261,-0.036,0.043,0.26,"   1"
"iNeuron","Tool × Technology","FLAIR × Kinnex",0.03,0.0084,261,0.009,0.0511,3.59,"0.000804"
"iNeuron","Tool × Technology","IsoQuant × Kinnex",0.0728,0.0084,261,0.0517,0.0939,8.69,"1.2e-15"
"iNeuron","Tool × Technology","Kallisto × Kinnex",-0.0867,0.0084,261,-0.10780000000000001,-0.0656,-10.35,"1.15e-20"
"iNeuron","Tool × Technology","Oarfish × Kinnex",0.0117,0.0084,261,-0.0093,0.0328,1.4,"0.163"
"iNeuron","Normalization × Technology","CQN × Kinnex",-0.0018,0.0084,261,-0.0229,0.0192,-0.22,"0.826"
"iNeuron","Normalization × Technology","EDASeq × Kinnex",0.0114,0.0084,261,-0.0097,0.0325,1.36,"0.35"
"iNeuron","Normalization × Technology","SMR × Kinnex",0.0789,0.0084,261,0.0579,0.1,9.42,"7.31e-18"
"iNeuron","Normalization × Technology","TPM × Kinnex",0.2211,0.0084,261,0.2,0.2421,26.4,"4.79e-75"
"LongBench","Tool Effects","FLAIR (vs. Bambu)",-0.1126,0.004,392,-0.1226,-0.1027,-28.37,"1.85e-96"
"LongBench","Tool Effects","IsoQuant (vs. Bambu)",-0.0702,0.004,392,-0.0801,-0.0602,-17.68,"2.25e-51"
"LongBench","Tool Effects","Kallisto (vs. Bambu)",0.0521,0.004,392,0.0421,0.0621,13.13,"1.42e-32"
"LongBench","Tool Effects","Oarfish (vs. Bambu)",0.0074,0.004,392,-0.0026,0.0173,1.86,"0.0637"
"LongBench","Normalization Effects","CQN (vs. CPM)",-0.0039,0.004,392,-0.0139,0.006,-0.99,"0.642"
"LongBench","Normalization Effects","EDASeq (vs. CPM)",-0.0014,0.004,392,-0.0113,0.0086,-0.35,"0.73"
"LongBench","Normalization Effects","SMR (vs. CPM)",-0.0992,0.004,392,-0.1092,-0.0893,-25,"1.43e-82"
"LongBench","Normalization Effects","TPM (vs. CPM)",-0.0337,0.004,392,-0.0436,-0.0237,-8.48,"1.37e-15"
"LongBench","Technology Effects","Kinnex (vs. cDNA ONT)",0.0633,0.0189,15,0.0164,0.1103,3.36,"0.00431"
"LongBench","Technology Effects","dRNA ONT (vs. cDNA ONT)",0.2348,0.0189,15,0.1878,0.2817,12.45,"5.21e-09"
"LongBench","Tool × Normalization","FLAIR × CQN",-0.0086,0.0126,392,-0.0459,0.0287,-0.69,"   1"
"LongBench","Tool × Normalization","IsoQuant × CQN",-0.0362,0.0126,392,-0.0735,0.0012,-2.88,"0.0627"
"LongBench","Tool × Normalization","Kallisto × CQN",0.0034,0.0126,392,-0.0339,0.0408,0.27,"   1"
"LongBench","Tool × Normalization","Oarfish × CQN",-0.0154,0.0126,392,-0.0527,0.0219,-1.23,"   1"
"LongBench","Tool × Normalization","FLAIR × EDASeq",0.0149,0.0126,392,-0.0225,0.0522,1.18,"   1"
"LongBench","Tool × Normalization","IsoQuant × EDASeq",0.0208,0.0126,392,-0.0166,0.0581,1.65,"0.999"
"LongBench","Tool × Normalization","Kallisto × EDASeq",0.0036,0.0126,392,-0.0337,0.041,0.29,"   1"
"LongBench","Tool × Normalization","Oarfish × EDASeq",0.0023,0.0126,392,-0.035,0.0396,0.18,"   1"
"LongBench","Tool × Normalization","FLAIR × SMR",0.0213,0.0126,392,-0.016,0.0586,1.7,"0.999"
"LongBench","Tool × Normalization","IsoQuant × SMR",0.0248,0.0126,392,-0.0125,0.0621,1.98,"0.594"
"LongBench","Tool × Normalization","Kallisto × SMR",0.0135,0.0126,392,-0.0238,0.0509,1.08,"   1"
"LongBench","Tool × Normalization","Oarfish × SMR",0.01,0.0126,392,-0.0274,0.0473,0.79,"   1"
"LongBench","Tool × Normalization","FLAIR × TPM",-0.0355,0.0126,392,-0.0729,0.0018,-2.83,"0.0682"
"LongBench","Tool × Normalization","IsoQuant × TPM",-0.1148,0.0126,392,-0.1522,-0.0775,-9.15,"5.12e-17"
"LongBench","Tool × Normalization","Kallisto × TPM",-0.0192,0.0126,392,-0.0566,0.0181,-1.53,"   1"
"LongBench","Tool × Normalization","Oarfish × TPM",0.0252,0.0126,392,-0.0122,0.0625,2,"0.594"
"LongBench","Tool × Technology","FLAIR × Kinnex",0.0133,0.0097,392,-0.0134,0.04,1.37,"0.353"
"LongBench","Tool × Technology","IsoQuant × Kinnex",-0.0639,0.0097,392,-0.0906,-0.0371,-6.57,"9.78e-10"
"LongBench","Tool × Technology","Kallisto × Kinnex",-0.0876,0.0097,392,-0.1144,-0.0609,-9.01,"6.32e-17"
"LongBench","Tool × Technology","Oarfish × Kinnex",0.0246,0.0097,392,-0.0021,0.0513,2.53,"0.0473"
"LongBench","Tool × Technology","FLAIR × dRNA ONT",-0.0296,0.0097,392,-0.0564,-0.0029,-3.05,"0.0123"
"LongBench","Tool × Technology","IsoQuant × dRNA ONT",0.0897,0.0097,392,0.063,0.1164,9.23,"1.41e-17"
"LongBench","Tool × Technology","Kallisto × dRNA ONT",-0.0152,0.0097,392,-0.042,0.0115,-1.57,"0.353"
"LongBench","Tool × Technology","Oarfish × dRNA ONT",0.0139,0.0097,392,-0.0129,0.0406,1.43,"0.353"
"LongBench","Normalization × Technology","CQN × Kinnex",-0.0079,0.0097,392,-0.0346,0.0189,-0.81,"0.838"
"LongBench","Normalization × Technology","EDASeq × Kinnex",0.0029,0.0097,392,-0.0238,0.0296,0.3,"0.838"
"LongBench","Normalization × Technology","SMR × Kinnex",0.0907,0.0097,392,0.064,0.1175,9.33,"5.45e-18"
"LongBench","Normalization × Technology","TPM × Kinnex",0.1716,0.0097,392,0.1449,0.1983,17.65,"8.09e-51"
"LongBench","Normalization × Technology","CQN × dRNA ONT",-0.0456,0.0097,392,-0.0724,-0.0189,-4.69,"1.86e-05"
"LongBench","Normalization × Technology","EDASeq × dRNA ONT",-0.0224,0.0097,392,-0.0491,0.0043,-2.3,"0.0654"
"LongBench","Normalization × Technology","SMR × dRNA ONT",-0.0294,0.0097,392,-0.0561,-0.0026,-3.02,"0.0108"
"LongBench","Normalization × Technology","TPM × dRNA ONT",0.074,0.0097,392,0.0473,0.1007,7.61,"1.23e-12"
