"Cohort","Platform","Normalization","EMM (z′)","SE","df","95% CI lower","95% CI upper","EMM (r)"
"Mouse","cDNA ONT","CPM",0.8068,0.016,29.4,0.7741,0.8395,0.668
"Mouse","cDNA ONT","CQN",0.7719,0.016,29.4,0.7392,0.8047,0.648
"Mouse","cDNA ONT","EDASeq",0.7502,0.016,29.4,0.7175,0.783,0.635
"Mouse","cDNA ONT","SMR",0.6857,0.016,29.4,0.6529,0.7184,0.595
"Mouse","cDNA ONT","TPM",0.7589,0.016,29.4,0.7262,0.7916,0.64
"Mouse","Iso-Seq","CPM",0.8388,0.016,29.4,0.8061,0.8715,0.685
"Mouse","Iso-Seq","CQN",0.8024,0.016,29.4,0.7697,0.8352,0.665
"Mouse","Iso-Seq","EDASeq",0.784,0.016,29.4,0.7512,0.8167,0.655
"Mouse","Iso-Seq","SMR",0.7343,0.016,29.4,0.7015,0.767,0.626
"Mouse","Iso-Seq","TPM",1.027,0.016,29.4,0.9943,1.0598,0.773
"Mouse","Kinnex","CPM",0.9245,0.0182,48.6,0.8879,0.961,0.728
"Mouse","Kinnex","CQN",0.8199,0.0182,48.6,0.7833,0.8565,0.675
"Mouse","Kinnex","EDASeq",0.8763,0.0182,48.6,0.8398,0.9129,0.705
"Mouse","Kinnex","SMR",0.6891,0.0182,48.6,0.6525,0.7257,0.597
"Mouse","Kinnex","TPM",1.0177,0.0182,48.6,0.9812,1.0543,0.769
"iNeuron","cDNA ONT","CPM",0.7621,0.0107,6.7,0.7367,0.7875,0.642
"iNeuron","cDNA ONT","CQN",0.7624,0.0107,6.7,0.737,0.7878,0.642
"iNeuron","cDNA ONT","EDASeq",0.772,0.0107,6.7,0.7466,0.7974,0.648
"iNeuron","cDNA ONT","SMR",0.4258,0.0107,6.7,0.4004,0.4512,0.402
"iNeuron","cDNA ONT","TPM",0.6502,0.0107,6.7,0.6248,0.6756,0.572
"iNeuron","Kinnex","CPM",0.7195,0.0107,6.7,0.6941,0.7449,0.617
"iNeuron","Kinnex","CQN",0.718,0.0107,6.7,0.6926,0.7434,0.616
"iNeuron","Kinnex","EDASeq",0.7408,0.0107,6.7,0.7154,0.7662,0.63
"iNeuron","Kinnex","SMR",0.4622,0.0107,6.7,0.4368,0.4876,0.432
"iNeuron","Kinnex","TPM",0.8287,0.0107,6.7,0.8033,0.854,0.68
"LongBench","cDNA ONT","CPM",0.7932,0.014,18.4,0.7638,0.8226,0.66
"LongBench","cDNA ONT","CQN",0.8071,0.014,18.4,0.7777,0.8365,0.668
"LongBench","cDNA ONT","EDASeq",0.7983,0.014,18.4,0.7689,0.8278,0.663
"LongBench","cDNA ONT","SMR",0.6735,0.014,18.4,0.6441,0.7029,0.587
"LongBench","cDNA ONT","TPM",0.6777,0.014,18.4,0.6483,0.7071,0.59
"LongBench","Kinnex","CPM",0.8051,0.014,18.4,0.7756,0.8345,0.667
"LongBench","Kinnex","CQN",0.8111,0.014,18.4,0.7817,0.8405,0.67
"LongBench","Kinnex","EDASeq",0.8131,0.014,18.4,0.7837,0.8425,0.671
"LongBench","Kinnex","SMR",0.7761,0.014,18.4,0.7467,0.8055,0.65
"LongBench","Kinnex","TPM",0.8611,0.014,18.4,0.8317,0.8906,0.697
"LongBench","dRNA ONT","CPM",1.0327,0.014,18.4,1.0032,1.0621,0.775
"LongBench","dRNA ONT","CQN",1.0009,0.014,18.4,0.9715,1.0303,0.762
"LongBench","dRNA ONT","EDASeq",1.0154,0.014,18.4,0.986,1.0448,0.768
"LongBench","dRNA ONT","SMR",0.8836,0.014,18.4,0.8542,0.913,0.708
"LongBench","dRNA ONT","TPM",0.9911,0.014,18.4,0.9617,1.0206,0.758
