"Cohort","Platform","Contrast","Δz′","SE","df","95% CI lower","95% CI upper","t","Adjusted p","Adjustment"
"Mouse","cDNA ONT","CQN - CPM",-0.0349,0.0105,1163,-0.0608,-0.009,-3.31,"0.00365","Dunnett"
"Mouse","cDNA ONT","EDASeq - CPM",-0.0566,0.0105,1163,-0.0825,-0.0307,-5.37,"3.76e-07","Dunnett"
"Mouse","cDNA ONT","SMR - CPM",-0.1211,0.0105,1163,-0.147,-0.0952,-11.5,"< 1e-12","Dunnett"
"Mouse","cDNA ONT","TPM - CPM",-0.0479,0.0105,1163,-0.0738,-0.022,-4.55,"2.39e-05","Dunnett"
"Mouse","Iso-Seq","CQN - CPM",-0.0364,0.0105,1163,-0.0622,-0.0105,-3.45,"0.00222","Dunnett"
"Mouse","Iso-Seq","EDASeq - CPM",-0.0548,0.0105,1163,-0.0807,-0.029,-5.21,"9.12e-07","Dunnett"
"Mouse","Iso-Seq","SMR - CPM",-0.1045,0.0105,1163,-0.1304,-0.0787,-9.92,"< 1e-12","Dunnett"
"Mouse","Iso-Seq","TPM - CPM",0.1882,0.0105,1163,0.1623,0.2141,17.87,"< 1e-12","Dunnett"
"Mouse","Kinnex","CQN - CPM",-0.1046,0.0157,1163,-0.1431,-0.066,-6.66,"1.7e-10","Dunnett"
"Mouse","Kinnex","EDASeq - CPM",-0.0482,0.0157,1163,-0.0867,-0.0096,-3.07,"0.00834","Dunnett"
"Mouse","Kinnex","SMR - CPM",-0.2354,0.0157,1163,-0.274,-0.1968,-14.99,"< 1e-12","Dunnett"
"Mouse","Kinnex","TPM - CPM",0.0932,0.0157,1163,0.0547,0.1318,5.94,"1.52e-08","Dunnett"
"iNeuron","cDNA ONT","CQN - CPM",3e-4,0.0059,261,-0.0143,0.0149,0.05,"   1","Dunnett"
"iNeuron","cDNA ONT","EDASeq - CPM",0.0099,0.0059,261,-0.0047,0.0245,1.67,"0.28","Dunnett"
"iNeuron","cDNA ONT","SMR - CPM",-0.3362,0.0059,261,-0.3509,-0.3216,-56.78,"< 1e-12","Dunnett"
"iNeuron","cDNA ONT","TPM - CPM",-0.1119,0.0059,261,-0.1265,-0.0973,-18.9,"< 1e-12","Dunnett"
"iNeuron","Kinnex","CQN - CPM",-0.0015,0.0059,261,-0.0161,0.0131,-0.26,"0.986","Dunnett"
"iNeuron","Kinnex","EDASeq - CPM",0.0213,0.0059,261,0.0067,0.0359,3.6,"0.00148","Dunnett"
"iNeuron","Kinnex","SMR - CPM",-0.2573,0.0059,261,-0.2719,-0.2427,-43.46,"< 1e-12","Dunnett"
"iNeuron","Kinnex","TPM - CPM",0.1092,0.0059,261,0.0945,0.1238,18.43,"< 1e-12","Dunnett"
"LongBench","cDNA ONT","CQN - CPM",0.0139,0.0069,392,-0.003,0.0308,2.02,"0.143","Dunnett"
"LongBench","cDNA ONT","EDASeq - CPM",0.0051,0.0069,392,-0.0118,0.0221,0.75,"0.829","Dunnett"
"LongBench","cDNA ONT","SMR - CPM",-0.1197,0.0069,392,-0.1366,-0.1028,-17.41,"< 1e-12","Dunnett"
"LongBench","cDNA ONT","TPM - CPM",-0.1155,0.0069,392,-0.1325,-0.0986,-16.8,"< 1e-12","Dunnett"
"LongBench","Kinnex","CQN - CPM",0.006,0.0069,392,-0.0109,0.023,0.88,"0.758","Dunnett"
"LongBench","Kinnex","EDASeq - CPM",0.008,0.0069,392,-0.0089,0.025,1.17,"0.576","Dunnett"
"LongBench","Kinnex","SMR - CPM",-0.029,0.0069,392,-0.0459,-0.012,-4.21,"0.000124","Dunnett"
"LongBench","Kinnex","TPM - CPM",0.0561,0.0069,392,0.0391,0.073,8.15,"< 1e-12","Dunnett"
"LongBench","dRNA ONT","CQN - CPM",-0.0317,0.0069,392,-0.0487,-0.0148,-4.62,"2.09e-05","Dunnett"
"LongBench","dRNA ONT","EDASeq - CPM",-0.0173,0.0069,392,-0.0342,-3e-4,-2.51,"0.044","Dunnett"
"LongBench","dRNA ONT","SMR - CPM",-0.1491,0.0069,392,-0.166,-0.1321,-21.68,"< 1e-12","Dunnett"
"LongBench","dRNA ONT","TPM - CPM",-0.0415,0.0069,392,-0.0585,-0.0246,-6.04,"1.42e-08","Dunnett"
