"Cohort","Term","Sum Sq","Mean Sq","Num df","Den df","F","p"
"Mouse","Normalization",6.161,1.54,4,1163,277.61,"1.52e-167"
"Mouse","Platform",2.433,1.217,2,1168.2,219.3,"1.36e-81"
"Mouse","Normalization × Platform",2.72,0.34,8,1163,61.27,"1.32e-83"
"Mouse","Tool",0.43120000000000003,0.10780000000000001,4,1163,19.43,"1.72e-15"
"Mouse","Tool × Normalization",0.8339,0.05212,16,1163,9.39,"2.67e-22"
"Mouse","Tool × Platform",0.2491,0.03114,8,1163,5.61,"5.27e-07"
"iNeuron","Normalization",4.338,1.084,4,261,2061.78,"4.3e-196"
"iNeuron","Normalization × Platform",0.5409,0.1352,4,261,257.13,"3.04e-89"
"iNeuron","Tool",0.3478,0.08695,4,261,165.31,"2.72e-70"
"iNeuron","Tool × Platform",0.2055,0.05137,4,261,97.68,"1.09e-50"
"iNeuron","Platform",0.028,0.028,1,261,53.25,"3.54e-12"
"iNeuron","Tool × Normalization",0.07875,0.004922,16,261,9.36,"2.99e-18"
"LongBench","Tool",1.561,0.3901,4,392,550.14,"2.61e-159"
"LongBench","Normalization",0.6462,0.1615,4,392,227.8,"7.61e-101"
"LongBench","Platform",0.1177,0.05886,2,15,83,"7.73e-09"
"LongBench","Normalization × Platform",0.4357,0.05446,8,392,76.8,"1.64e-75"
"LongBench","Tool × Platform",0.4347,0.05434,8,392,76.63,"2.13e-75"
"LongBench","Tool × Normalization",0.1974,0.01234,16,392,17.4,"1.21e-36"
