"Tool","Normalization","Condition","Sample","Correlation","RMSE","max_observed","min_observed","mean_expected","LengthQuantile","NRMSE","Similarity"
"bambu","CPM","LUAD","SRR30947497",0.719484427962626,3.5369070421708,12.5769945806762,0.129442490894849,4.81484726906029,"All",0.734583434224092,0.265416565775908
"bambu","CPM","LUAD","SRR30947498",0.721488356195518,3.50665493979231,12.5769945806762,0.129442490894849,4.81484726906029,"All",0.728300347619687,0.271699652380313
"bambu","CPM","LUAD","SRR30947499",0.724753866930557,3.49378791030505,12.5769945806762,0.129442490894849,4.81484726906029,"All",0.725627982585401,0.274372017414599
"bambu","CPM","SCLC_A","SRR30947491",0.719101928062541,3.54236480643432,12.5769945806762,0.129442490894849,4.81484726906029,"All",0.735716962238281,0.264283037761719
"bambu","CPM","SCLC_A","SRR30947494",0.722649305141258,3.50257129105508,12.5769945806762,0.129442490894849,4.81484726906029,"All",0.72745221090651,0.27254778909349
"bambu","CPM","SCLC_A","SRR30947496",0.720728919603679,3.51286458929547,12.5769945806762,0.129442490894849,4.81484726906029,"All",0.729590035361822,0.270409964638178
"bambu","EDA","LUAD","SRR30947497",0.720487321654717,3.51519495965136,12.5769945806762,0.129442490894849,4.81484726906029,"All",0.730074032096437,0.269925967903563
"bambu","EDA","LUAD","SRR30947498",0.722129795804186,3.50528948458457,12.5769945806762,0.129442490894849,4.81484726906029,"All",0.728016754988096,0.271983245011904
"bambu","EDA","LUAD","SRR30947499",0.724151302449686,3.48964982792169,12.5769945806762,0.129442490894849,4.81484726906029,"All",0.724768540498849,0.275231459501151
"bambu","EDA","SCLC_A","SRR30947491",0.720778885113203,3.52104756898854,12.5769945806762,0.129442490894849,4.81484726906029,"All",0.731289565842394,0.268710434157606
"bambu","EDA","SCLC_A","SRR30947494",0.723597331878564,3.49160174769892,12.5769945806762,0.129442490894849,4.81484726906029,"All",0.72517393648924,0.27482606351076
"bambu","EDA","SCLC_A","SRR30947496",0.720953823188294,3.49969447895887,12.5769945806762,0.129442490894849,4.81484726906029,"All",0.726854723190816,0.273145276809184
"bambu","TPM","LUAD","SRR30947497",0.723150267908886,3.49188732570816,12.5769945806762,0.129442490894849,4.81484726906029,"All",0.725233248445214,0.274766751554786
"bambu","TPM","LUAD","SRR30947498",0.726240840568833,3.46832753740132,12.5769945806762,0.129442490894849,4.81484726906029,"All",0.720340094625314,0.279659905374686
"bambu","TPM","LUAD","SRR30947499",0.728748286311809,3.45745285338217,12.5769945806762,0.129442490894849,4.81484726906029,"All",0.718081521629857,0.281918478370143
"bambu","TPM","SCLC_A","SRR30947491",0.722537984646066,3.49639095167102,12.5769945806762,0.129442490894849,4.81484726906029,"All",0.726168610609617,0.273831389390383
"bambu","TPM","SCLC_A","SRR30947494",0.728009658883646,3.462810805892,12.5769945806762,0.129442490894849,4.81484726906029,"All",0.719194319650317,0.280805680349683
"bambu","TPM","SCLC_A","SRR30947496",0.724608085201314,3.47148525581229,12.5769945806762,0.129442490894849,4.81484726906029,"All",0.720995924028513,0.279004075971487
"bambu","cqn","LUAD","SRR30947497",0.719379380512472,3.50206588223674,12.5769945806762,0.129442490894849,4.81484726906029,"All",0.727347242090242,0.272652757909758
"bambu","cqn","LUAD","SRR30947498",0.718767097249652,3.51600081790971,12.5769945806762,0.129442490894849,4.81484726906029,"All",0.730241401529632,0.269758598470368
"bambu","cqn","LUAD","SRR30947499",0.723956926810696,3.48898861887288,12.5769945806762,0.129442490894849,4.81484726906029,"All",0.724631213391287,0.275368786608713
"bambu","cqn","SCLC_A","SRR30947491",0.720691416075657,3.53562485059404,12.5769945806762,0.129442490894849,4.81484726906029,"All",0.734317134691604,0.265682865308396
"bambu","cqn","SCLC_A","SRR30947494",0.723189143036684,3.49824118286345,12.5769945806762,0.129442490894849,4.81484726906029,"All",0.726552886805524,0.273447113194476
"bambu","cqn","SCLC_A","SRR30947496",0.722386896425846,3.49015006160359,12.5769945806762,0.129442490894849,4.81484726906029,"All",0.724872434486331,0.275127565513669
"bambu","ratio_counts","LUAD","SRR30947497",0.713800799673448,7.78590336907044,9.4295752508264,7.32161790996859,9.22809920685728,"All",0.843716912285126,0.156283087714874
"bambu","ratio_counts","LUAD","SRR30947498",0.720691416075657,7.78466642123017,9.4295752508264,7.32161790996859,9.22809920685728,"All",0.843582870830591,0.156417129169409
"bambu","ratio_counts","LUAD","SRR30947499",0.725453619230922,7.78480417464989,9.4295752508264,7.32161790996859,9.22809920685728,"All",0.843597798435576,0.156402201564424
"bambu","ratio_counts","SCLC_A","SRR30947491",0.714597739793308,7.78705928054834,9.4295752508264,7.32161790996859,9.22809920685728,"All",0.843842172260338,0.156157827739662
"bambu","ratio_counts","SCLC_A","SRR30947494",0.719768131790453,7.78546336870811,9.4295752508264,7.32161790996859,9.22809920685728,"All",0.843669231787499,0.156330768212501
"bambu","ratio_counts","SCLC_A","SRR30947496",0.720273508451828,7.7850081083017,9.4295752508264,7.32161790996859,9.22809920685728,"All",0.843619897640108,0.156380102359892
"flair","CPM","LUAD","SRR30947497",0.759434301502185,3.25834489797593,12.5769945806762,0.129442490894849,4.81484726906029,"All",0.676728609630822,0.323271390369178
"flair","CPM","LUAD","SRR30947498",0.765071977297102,3.21081411957854,12.5769945806762,0.129442490894849,4.81484726906029,"All",0.666856899119293,0.333143100880707
"flair","CPM","LUAD","SRR30947499",0.765215988450025,3.20091059331839,12.5769945806762,0.129442490894849,4.81484726906029,"All",0.664800026760374,0.335199973239626
"flair","CPM","SCLC_A","SRR30947491",0.760628813831563,3.24952534331947,12.5769945806762,0.129442490894849,4.81484726906029,"All",0.67489686831825,0.32510313168175
"flair","CPM","SCLC_A","SRR30947494",0.765865002656953,3.19872769374396,12.5769945806762,0.129442490894849,4.81484726906029,"All",0.664346658366227,0.335653341633773
"flair","CPM","SCLC_A","SRR30947496",0.763338795089354,3.22809815390302,12.5769945806762,0.129442490894849,4.81484726906029,"All",0.670446635897766,0.329553364102234
"flair","EDA","LUAD","SRR30947497",0.760495685170477,3.24097121376458,12.5769945806762,0.129442490894849,4.81484726906029,"All",0.673120253385964,0.326879746614036
"flair","EDA","LUAD","SRR30947498",0.765119463354533,3.20911686684013,12.5769945806762,0.129442490894849,4.81484726906029,"All",0.666504395157367,0.333495604842633
"flair","EDA","LUAD","SRR30947499",0.765137995531624,3.20031122066264,12.5769945806762,0.129442490894849,4.81484726906029,"All",0.664675542509419,0.335324457490581
"flair","EDA","SCLC_A","SRR30947491",0.762997529077682,3.23491011952733,12.5769945806762,0.129442490894849,4.81484726906029,"All",0.671861419221858,0.328138580778142
"flair","EDA","SCLC_A","SRR30947494",0.76726919589702,3.19261586457054,12.5769945806762,0.129442490894849,4.81484726906029,"All",0.663077287017173,0.336922712982827
"flair","EDA","SCLC_A","SRR30947496",0.765314051213982,3.21475556357715,12.5769945806762,0.129442490894849,4.81484726906029,"All",0.667675501201219,0.332324498798781
"flair","TPM","LUAD","SRR30947497",0.7656661625787,3.20277692399729,12.5769945806762,0.129442490894849,4.81484726906029,"All",0.66518764667324,0.33481235332676
"flair","TPM","LUAD","SRR30947498",0.771142420908915,3.16420853218915,12.5769945806762,0.129442490894849,4.81484726906029,"All",0.65717734236806,0.34282265763194
"flair","TPM","LUAD","SRR30947499",0.77155939489345,3.15639833779916,12.5769945806762,0.129442490894849,4.81484726906029,"All",0.65555523600548,0.34444476399452
"flair","TPM","SCLC_A","SRR30947491",0.766537174901949,3.19540837044819,12.5769945806762,0.129442490894849,4.81484726906029,"All",0.663657265097805,0.336342734902195
"flair","TPM","SCLC_A","SRR30947494",0.771096090466189,3.15223267550423,12.5769945806762,0.129442490894849,4.81484726906029,"All",0.654690065822057,0.345309934177943
"flair","TPM","SCLC_A","SRR30947496",0.769076083163335,3.17662693549499,12.5769945806762,0.129442490894849,4.81484726906029,"All",0.659756531823483,0.340243468176517
"flair","cqn","LUAD","SRR30947497",0.753944560569018,3.26347434205409,12.5769945806762,0.129442490894849,4.81484726906029,"All",0.67779394852768,0.32220605147232
"flair","cqn","LUAD","SRR30947498",0.754111350162832,3.26588551835697,12.5769945806762,0.129442490894849,4.81484726906029,"All",0.678294727922776,0.321705272077224
"flair","cqn","LUAD","SRR30947499",0.755288143408072,3.25817526105052,12.5769945806762,0.129442490894849,4.81484726906029,"All",0.676693377583795,0.323306622416205
"flair","cqn","SCLC_A","SRR30947491",0.761051650483189,3.26060126975969,12.5769945806762,0.129442490894849,4.81484726906029,"All",0.677197237534818,0.322802762465182
"flair","cqn","SCLC_A","SRR30947494",0.764109459703106,3.23757266993674,12.5769945806762,0.129442490894849,4.81484726906029,"All",0.672414406733324,0.327585593266676
"flair","cqn","SCLC_A","SRR30947496",0.765193592062895,3.23510368554576,12.5769945806762,0.129442490894849,4.81484726906029,"All",0.671901621123934,0.328098378876066
"flair","ratio_counts","LUAD","SRR30947497",0.751044274854369,7.53250153226326,9.4295752508264,7.32161790996859,9.22809920685728,"All",0.816257103810279,0.183742896189721
"flair","ratio_counts","LUAD","SRR30947498",0.763405236973671,7.53040521819455,9.4295752508264,7.32161790996859,9.22809920685728,"All",0.816029937411033,0.183970062588967
"flair","ratio_counts","LUAD","SRR30947499",0.764860012875268,7.53035115436067,9.4295752508264,7.32161790996859,9.22809920685728,"All",0.816024078801077,0.183975921198923
"flair","ratio_counts","SCLC_A","SRR30947491",0.756159155731322,7.5332003248127,9.4295752508264,7.32161790996859,9.22809920685728,"All",0.816332828239956,0.183667171760044
"flair","ratio_counts","SCLC_A","SRR30947494",0.765471574719251,7.53026155371151,9.4295752508264,7.32161790996859,9.22809920685728,"All",0.816014369255574,0.183985630744426
"flair","ratio_counts","SCLC_A","SRR30947496",0.760912659155011,7.53151125677803,9.4295752508264,7.32161790996859,9.22809920685728,"All",0.816149792926095,0.183850207073905
"isoquant","CPM","LUAD","SRR30947497",0.759434301502185,3.25828219444263,12.5769945806762,0.129442490894849,4.81484726906029,"All",0.676715586677071,0.323284413322929
"isoquant","CPM","LUAD","SRR30947498",0.765071977297102,3.21093407706888,12.5769945806762,0.129442490894849,4.81484726906029,"All",0.666881813199353,0.333118186800647
"isoquant","CPM","LUAD","SRR30947499",0.765215988450025,3.20063110649981,12.5769945806762,0.129442490894849,4.81484726906029,"All",0.664741979889318,0.335258020110682
"isoquant","CPM","SCLC_A","SRR30947491",0.760837712994352,3.24906594494784,12.5769945806762,0.129442490894849,4.81484726906029,"All",0.674801455453426,0.325198544546574
"isoquant","CPM","SCLC_A","SRR30947494",0.765865002656953,3.19835373561008,12.5769945806762,0.129442490894849,4.81484726906029,"All",0.66426899066194,0.33573100933806
"isoquant","CPM","SCLC_A","SRR30947496",0.763338795089354,3.22792713776367,12.5769945806762,0.129442490894849,4.81484726906029,"All",0.670411117400544,0.329588882599456
"isoquant","EDA","LUAD","SRR30947497",0.761922662806438,3.23371538312877,12.5769945806762,0.129442490894849,4.81484726906029,"All",0.671613283334716,0.328386716665284
"isoquant","EDA","LUAD","SRR30947498",0.759800728529586,3.25198998680112,12.5769945806762,0.129442490894849,4.81484726906029,"All",0.675408752360241,0.324591247639759
"isoquant","EDA","LUAD","SRR30947499",0.759161368419967,3.24437057314369,12.5769945806762,0.129442490894849,4.81484726906029,"All",0.673826269421189,0.326173730578811
"isoquant","EDA","SCLC_A","SRR30947491",0.764165056234377,3.2213802481858,12.5769945806762,0.129442490894849,4.81484726906029,"All",0.669051387961163,0.330948612038837
"isoquant","EDA","SCLC_A","SRR30947494",0.763914871843657,3.21025926801875,12.5769945806762,0.129442490894849,4.81484726906029,"All",0.666741661495173,0.333258338504827
"isoquant","EDA","SCLC_A","SRR30947496",0.765851484349604,3.21021330481946,12.5769945806762,0.129442490894849,4.81484726906029,"All",0.666732115356589,0.333267884643411
"isoquant","TPM","LUAD","SRR30947497",0.7656661625787,3.20270023750873,12.5769945806762,0.129442490894849,4.81484726906029,"All",0.665171719586819,0.334828280413181
"isoquant","TPM","LUAD","SRR30947498",0.77155939489345,3.16432810492365,12.5769945806762,0.129442490894849,4.81484726906029,"All",0.65720217653783,0.34279782346217
"isoquant","TPM","LUAD","SRR30947499",0.771244347882913,3.15611696368178,12.5769945806762,0.129442490894849,4.81484726906029,"All",0.655496797159623,0.344503202840377
"isoquant","TPM","SCLC_A","SRR30947491",0.766537174901949,3.19503421332388,12.5769945806762,0.129442490894849,4.81484726906029,"All",0.663579556065015,0.336420443934985
"isoquant","TPM","SCLC_A","SRR30947494",0.771096090466189,3.15186433929406,12.5769945806762,0.129442490894849,4.81484726906029,"All",0.654613565740207,0.345386434259793
"isoquant","TPM","SCLC_A","SRR30947496",0.768770302241343,3.17646930409036,12.5769945806762,0.129442490894849,4.81484726906029,"All",0.659723793213965,0.340276206786035
"isoquant","cqn","LUAD","SRR30947497",0.757317416799472,3.26321441302195,12.5769945806762,0.129442490894849,4.81484726906029,"All",0.677739963631042,0.322260036368958
"isoquant","cqn","LUAD","SRR30947498",0.757132095028568,3.25221797521657,12.5769945806762,0.129442490894849,4.81484726906029,"All",0.675456103481202,0.324543896518798
"isoquant","cqn","LUAD","SRR30947499",0.756659524512763,3.27512646964417,12.5769945806762,0.129442490894849,4.81484726906029,"All",0.68021398948411,0.31978601051589
"isoquant","cqn","SCLC_A","SRR30947491",0.765953411323602,3.21128438061262,12.5769945806762,0.129442490894849,4.81484726906029,"All",0.666954568060342,0.333045431939658
"isoquant","cqn","SCLC_A","SRR30947494",0.767352590693927,3.20800654068271,12.5769945806762,0.129442490894849,4.81484726906029,"All",0.666273790509832,0.333726209490168
"isoquant","cqn","SCLC_A","SRR30947496",0.767908556006639,3.20213899792312,12.5769945806762,0.129442490894849,4.81484726906029,"All",0.665055155227816,0.334944844772184
"isoquant","ratio_counts","LUAD","SRR30947497",0.740582860886835,7.5300772665171,9.4295752508264,7.32161790996859,9.22809920685728,"All",0.815994399033074,0.184005600966926
"isoquant","ratio_counts","LUAD","SRR30947498",0.758688797904162,7.52914955795663,9.4295752508264,7.32161790996859,9.22809920685728,"All",0.815893868193552,0.184106131806448
"isoquant","ratio_counts","LUAD","SRR30947499",0.762209911551339,7.52931006237592,9.4295752508264,7.32161790996859,9.22809920685728,"All",0.815911261203282,0.184088738796718
"isoquant","ratio_counts","SCLC_A","SRR30947491",0.743288558742034,7.53082349307275,9.4295752508264,7.32161790996859,9.22809920685728,"All",0.816075263633566,0.183924736366434
"isoquant","ratio_counts","SCLC_A","SRR30947494",0.766703964495763,7.52908745598149,9.4295752508264,7.32161790996859,9.22809920685728,"All",0.815887138533006,0.184112861466994
"isoquant","ratio_counts","SCLC_A","SRR30947496",0.755788512189513,7.52957615033677,9.4295752508264,7.32161790996859,9.22809920685728,"All",0.815940095739504,0.184059904260496
"kallisto","CPM","LUAD","SRR30947497",0.759434301502185,3.25839786650868,12.5769945806762,0.129442490894849,4.81484726906029,"All",0.67673961071347,0.32326038928653
"kallisto","CPM","LUAD","SRR30947498",0.76491445116798,3.21087598568741,12.5769945806762,0.129442490894849,4.81484726906029,"All",0.666869748147603,0.333130251852397
"kallisto","CPM","LUAD","SRR30947499",0.765215988450025,3.20097983499188,12.5769945806762,0.129442490894849,4.81484726906029,"All",0.664814407626395,0.335185592373605
"kallisto","CPM","SCLC_A","SRR30947491",0.761162029694773,3.24783220447775,12.5769945806762,0.129442490894849,4.81484726906029,"All",0.674545218775263,0.325454781224737
"kallisto","CPM","SCLC_A","SRR30947494",0.765865002656953,3.19774204659815,12.5769945806762,0.129442490894849,4.81484726906029,"All",0.664141948415792,0.335858051584208
"kallisto","CPM","SCLC_A","SRR30947496",0.763338795089354,3.22817028533414,12.5769945806762,0.129442490894849,4.81484726906029,"All",0.670461616940173,0.329538383059827
"kallisto","EDA","LUAD","SRR30947497",0.764396708448007,3.2073174794477,12.5769945806762,0.129442490894849,4.81484726906029,"All",0.666130678756436,0.333869321243564
"kallisto","EDA","LUAD","SRR30947498",0.767380388959563,3.19360985137635,12.5769945806762,0.129442490894849,4.81484726906029,"All",0.663283729039166,0.336716270960834
"kallisto","EDA","LUAD","SRR30947499",0.767213599365749,3.18611949869393,12.5769945806762,0.129442490894849,4.81484726906029,"All",0.661728050891168,0.338271949108832
"kallisto","EDA","SCLC_A","SRR30947491",0.765314051213982,3.20459757091221,12.5769945806762,0.129442490894849,4.81484726906029,"All",0.665565778483697,0.334434221516303
"kallisto","EDA","SCLC_A","SRR30947494",0.76929846928842,3.16723784426552,12.5769945806762,0.129442490894849,4.81484726906029,"All",0.657806502943066,0.342193497056934
"kallisto","EDA","SCLC_A","SRR30947496",0.767241397631385,3.18869584669185,12.5769945806762,0.129442490894849,4.81484726906029,"All",0.662263134945542,0.337736865054458
"kallisto","TPM","LUAD","SRR30947497",0.7656661625787,3.20287042130282,12.5769945806762,0.129442490894849,4.81484726906029,"All",0.665207065213497,0.334792934786503
"kallisto","TPM","LUAD","SRR30947498",0.771142420908915,3.16427328390367,12.5769945806762,0.129442490894849,4.81484726906029,"All",0.657190790710427,0.342809209289573
"kallisto","TPM","LUAD","SRR30947499",0.77155939489345,3.15647299626738,12.5769945806762,0.129442490894849,4.81484726906029,"All",0.655570741890515,0.344429258109485
"kallisto","TPM","SCLC_A","SRR30947491",0.767185801100114,3.19397448240917,12.5769945806762,0.129442490894849,4.81484726906029,"All",0.663359459589366,0.336640540410634
"kallisto","TPM","SCLC_A","SRR30947494",0.771096090466189,3.15141517407399,12.5769945806762,0.129442490894849,4.81484726906029,"All",0.65452027820792,0.34547972179208
"kallisto","TPM","SCLC_A","SRR30947496",0.769076083163335,3.17674064682441,12.5769945806762,0.129442490894849,4.81484726906029,"All",0.659780148632713,0.340219851367287
"kallisto","cqn","LUAD","SRR30947497",0.76520285815144,3.18214699410247,12.5769945806762,0.129442490894849,4.81484726906029,"All",0.660902997806517,0.339097002193483
"kallisto","cqn","LUAD","SRR30947498",0.766880020178122,3.19282725374309,12.5769945806762,0.129442490894849,4.81484726906029,"All",0.663121190626309,0.336878809373691
"kallisto","cqn","LUAD","SRR30947499",0.768668375267346,3.16923151963719,12.5769945806762,0.129442490894849,4.81484726906029,"All",0.658220571190772,0.341779428809228
"kallisto","cqn","SCLC_A","SRR30947491",0.765276986859802,3.20427919809096,12.5769945806762,0.129442490894849,4.81484726906029,"All",0.665499655343447,0.334500344656553
"kallisto","cqn","SCLC_A","SRR30947494",0.769724709361499,3.17346705314961,12.5769945806762,0.129442490894849,4.81484726906029,"All",0.659100252990782,0.340899747009218
"kallisto","cqn","SCLC_A","SRR30947496",0.768168006485905,3.17418334534656,12.5769945806762,0.129442490894849,4.81484726906029,"All",0.659249020367381,0.340750979632619
"kallisto","ratio_counts","LUAD","SRR30947497",0.745957192243053,7.53113114168654,9.4295752508264,7.32161790996859,9.22809920685728,"All",0.816108601876566,0.183891398123434
"kallisto","ratio_counts","LUAD","SRR30947498",0.761477890556268,7.52961735558321,9.4295752508264,7.32161790996859,9.22809920685728,"All",0.81594456093277,0.18405543906723
"kallisto","ratio_counts","LUAD","SRR30947499",0.76338670479658,7.5296715107234,9.4295752508264,7.32161790996859,9.22809920685728,"All",0.815950429437104,0.184049570562896
"kallisto","ratio_counts","SCLC_A","SRR30947491",0.752026480240161,7.53194374732145,9.4295752508264,7.32161790996859,9.22809920685728,"All",0.816196659624613,0.183803340375387
"kallisto","ratio_counts","SCLC_A","SRR30947494",0.765944145235056,7.52953169320835,9.4295752508264,7.32161790996859,9.22809920685728,"All",0.815935278157094,0.184064721842906
"kallisto","ratio_counts","SCLC_A","SRR30947496",0.759837792883767,7.53037255567714,9.4295752508264,7.32161790996859,9.22809920685728,"All",0.816026397947848,0.183973602052152
"oarfish","CPM","LUAD","SRR30947497",0.759434301502185,3.25849081931665,12.5769945806762,0.129442490894849,4.81484726906029,"All",0.676758916166536,0.323241083833464
"oarfish","CPM","LUAD","SRR30947498",0.76491445116798,3.21100720501136,12.5769945806762,0.129442490894849,4.81484726906029,"All",0.66689700120811,0.33310299879189
"oarfish","CPM","LUAD","SRR30947499",0.765044178568434,3.20131755282815,12.5769945806762,0.129442490894849,4.81484726906029,"All",0.664884548550373,0.335115451449627
"oarfish","CPM","SCLC_A","SRR30947491",0.761162029694773,3.24746427325849,12.5769945806762,0.129442490894849,4.81484726906029,"All",0.674468802806344,0.325531197193656
"oarfish","CPM","SCLC_A","SRR30947494",0.765865002656953,3.19892210740598,12.5769945806762,0.129442490894849,4.81484726906029,"All",0.664387036316172,0.335612963683828
"oarfish","CPM","SCLC_A","SRR30947496",0.76315849814041,3.22868606960893,12.5769945806762,0.129442490894849,4.81484726906029,"All",0.670568740644409,0.329431259355591
"oarfish","EDA","LUAD","SRR30947497",0.766509376636314,3.19049356965875,12.5769945806762,0.129442490894849,4.81484726906029,"All",0.662636505660425,0.337363494339575
"oarfish","EDA","LUAD","SRR30947498",0.770215812054395,3.17224754735837,12.5769945806762,0.129442490894849,4.81484726906029,"All",0.65884697272599,0.34115302727401
"oarfish","EDA","LUAD","SRR30947499",0.771364807034,3.15611321948665,12.5769945806762,0.129442490894849,4.81484726906029,"All",0.655496019524338,0.344503980475662
"oarfish","EDA","SCLC_A","SRR30947491",0.766963414975029,3.19338155602481,12.5769945806762,0.129442490894849,4.81484726906029,"All",0.663236314170369,0.336763685829631
"oarfish","EDA","SCLC_A","SRR30947494",0.76929846928842,3.16932248990315,12.5769945806762,0.129442490894849,4.81484726906029,"All",0.658239464887887,0.341760535112113
"oarfish","EDA","SCLC_A","SRR30947496",0.767241397631385,3.19063977901542,12.5769945806762,0.129442490894849,4.81484726906029,"All",0.662666872014433,0.337333127985567
"oarfish","TPM","LUAD","SRR30947497",0.7656661625787,3.20294637308826,12.5769945806762,0.129442490894849,4.81484726906029,"All",0.66522283970876,0.33477716029124
"oarfish","TPM","LUAD","SRR30947498",0.771142420908915,3.16438287827977,12.5769945806762,0.129442490894849,4.81484726906029,"All",0.657213552465883,0.342786447534117
"oarfish","TPM","LUAD","SRR30947499",0.77155939489345,3.15675331826189,12.5769945806762,0.129442490894849,4.81484726906029,"All",0.655628962220018,0.344371037779982
"oarfish","TPM","SCLC_A","SRR30947491",0.766917084532303,3.19367265688905,12.5769945806762,0.129442490894849,4.81484726906029,"All",0.663296773173111,0.336703226826889
"oarfish","TPM","SCLC_A","SRR30947494",0.771096090466189,3.15242310650718,12.5769945806762,0.129442490894849,4.81484726906029,"All",0.654729616609924,0.345270383390076
"oarfish","TPM","SCLC_A","SRR30947496",0.769039018809154,3.17716355020691,12.5769945806762,0.129442490894849,4.81484726906029,"All",0.659867981820116,0.340132018179884
"oarfish","cqn","LUAD","SRR30947497",0.762807176459441,3.1973538770732,12.5769945806762,0.129442490894849,4.81484726906029,"All",0.664061329134791,0.335938670865209
"oarfish","cqn","LUAD","SRR30947498",0.766880020178122,3.19311813091918,12.5769945806762,0.129442490894849,4.81484726906029,"All",0.663181603171055,0.336818396828945
"oarfish","cqn","LUAD","SRR30947499",0.767649105527374,3.1716766840944,12.5769945806762,0.129442490894849,4.81484726906029,"All",0.658728409616493,0.341271590383507
"oarfish","cqn","SCLC_A","SRR30947491",0.76338670479658,3.24446537179215,12.5769945806762,0.129442490894849,4.81484726906029,"All",0.673845958238541,0.326154041761459
"oarfish","cqn","SCLC_A","SRR30947494",0.767241397631385,3.20073152992479,12.5769945806762,0.129442490894849,4.81484726906029,"All",0.664762836921612,0.335237163078388
"oarfish","cqn","SCLC_A","SRR30947496",0.766472312282133,3.20974618125181,12.5769945806762,0.129442490894849,4.81484726906029,"All",0.66663509803879,0.33336490196121
"oarfish","ratio_counts","LUAD","SRR30947497",0.749552434598591,7.532343002447,9.4295752508264,7.32161790996859,9.22809920685728,"All",0.816239924777771,0.183760075222229
"oarfish","ratio_counts","LUAD","SRR30947498",0.762747344686961,7.53030337714414,9.4295752508264,7.32161790996859,9.22809920685728,"All",0.816018901438389,0.183981098561611
"oarfish","ratio_counts","LUAD","SRR30947499",0.765091665088898,7.53025866741825,9.4295752508264,7.32161790996859,9.22809920685728,"All",0.816014056483334,0.183985943516666
"oarfish","ratio_counts","SCLC_A","SRR30947491",0.755010160751716,7.53300958089897,9.4295752508264,7.32161790996859,9.22809920685728,"All",0.816312158337146,0.183687841662854
"oarfish","ratio_counts","SCLC_A","SRR30947494",0.765314051213982,7.53016369538482,9.4295752508264,7.32161790996859,9.22809920685728,"All",0.816003764869503,0.183996235130497
"oarfish","ratio_counts","SCLC_A","SRR30947496",0.760421556462115,7.53136509142088,9.4295752508264,7.32161790996859,9.22809920685728,"All",0.816133953764219,0.183866046235781
