"Platform","Normalization","Mean CV","Median CV"
"ONT (cDNA and dRNA combined)","CPM",0.9766388748821858,1.0799001371003665
"ONT (cDNA and dRNA combined)","TPM",2.006470073593826,2.1122907962221578
"ONT (cDNA and dRNA combined)","CQN",0.5732066920669526,0.5453635393260237
"ONT (cDNA and dRNA combined)","EDASeq",0.7653534438655245,0.7663022270341808
"ONT (cDNA and dRNA combined)","SMR",0.11224647657348624,0.09725997921522306
"PacBio (Iso-Seq and Kinnex combined)","CPM",0.4196494485278516,0.43785152212018286
"PacBio (Iso-Seq and Kinnex combined)","TPM",0.7109147153469731,0.7150073064855047
"PacBio (Iso-Seq and Kinnex combined)","CQN",0.3361376709614621,0.31651903405246934
"PacBio (Iso-Seq and Kinnex combined)","EDASeq",0.309288772932265,0.32228752670616545
"PacBio (Iso-Seq and Kinnex combined)","SMR",0.24434072853862823,0.2371175775843442
