"Biotype","n_trans","Tool","Filtered"
"FSM",24974,"isoquant",TRUE
"ISM",3669,"isoquant",TRUE
"NIC",5153,"isoquant",TRUE
"NNC",9912,"isoquant",TRUE
"Genic
Genomic",435,"isoquant",TRUE
"Antisense",560,"isoquant",TRUE
"Fusion",721,"isoquant",TRUE
"Intergenic",461,"isoquant",TRUE
"Genic
Intron",1018,"isoquant",TRUE
"FSM",42923,"bambu",TRUE
"NIC",165,"bambu",TRUE
"NNC",257,"bambu",TRUE
"Genic
Genomic",15,"bambu",TRUE
"Antisense",55,"bambu",TRUE
"Fusion",38,"bambu",TRUE
"Intergenic",45,"bambu",TRUE
"Genic
Intron",15,"bambu",TRUE
"FSM",39344,"kallisto",TRUE
"FSM",60225,"oarfish",TRUE
"FSM",48547,"flair",TRUE
"ISM",39118,"flair",TRUE
"NIC",59463,"flair",TRUE
"NNC",77,"flair",TRUE
"Genic
Genomic",20813,"flair",TRUE
"Antisense",6002,"flair",TRUE
"Fusion",1307,"flair",TRUE
"Intergenic",13984,"flair",TRUE
"Genic
Intron",80278,"flair",TRUE
"FSM",49391,"isoquant",FALSE
"ISM",7329,"isoquant",FALSE
"NIC",9507,"isoquant",FALSE
"NNC",24510,"isoquant",FALSE
"Genic
Genomic",1285,"isoquant",FALSE
"Antisense",2725,"isoquant",FALSE
"Fusion",2174,"isoquant",FALSE
"Intergenic",2791,"isoquant",FALSE
"Genic
Intron",3826,"isoquant",FALSE
"FSM",118377,"bambu",FALSE
"NIC",165,"bambu",FALSE
"NNC",264,"bambu",FALSE
"Genic
Genomic",16,"bambu",FALSE
"Antisense",82,"bambu",FALSE
"Fusion",41,"bambu",FALSE
"Intergenic",60,"bambu",FALSE
"Genic
Intron",17,"bambu",FALSE
"FSM",109300,"kallisto",FALSE
"FSM",134878,"oarfish",FALSE
"FSM",66023,"flair",FALSE
"ISM",75358,"flair",FALSE
"NIC",119215,"flair",FALSE
"NNC",153,"flair",FALSE
"Genic
Genomic",45656,"flair",FALSE
"Antisense",14592,"flair",FALSE
"Fusion",2621,"flair",FALSE
"Intergenic",37115,"flair",FALSE
"Genic
Intron",228078,"flair",FALSE
