"dataset","technology","Tool","Normalization","mean_expression","sd_expression","cv"
"LongBench","Kinnex","bambu","CPM",8.84319087817992,4.31692035043701,0.488163199223571
"LongBench","Kinnex","bambu","EDA",8.57194063903957,3.11654613408795,0.363575328542773
"LongBench","Kinnex","bambu","TPM",9.10694112114419,7.46494465110289,0.81969835445307
"LongBench","Kinnex","bambu","cqn",8.12169541371644,3.21301656870427,0.395609094534366
"LongBench","Kinnex","bambu","ratio_counts",16.5702160543431,2.34357832535695,0.141433178521694
"LongBench","Kinnex","FLAIR","CPM",1.30904728164828,0.672519941382749,0.513747632198547
"LongBench","Kinnex","FLAIR","EDA",1.06285090801186,0.175972916289811,0.165566887098946
"LongBench","Kinnex","FLAIR","TPM",1.33699674999367,1.36629029878489,1.0219099626019
"LongBench","Kinnex","FLAIR","cqn",0.291910639246479,0.281961586812636,0.965917472348646
"LongBench","Kinnex","FLAIR","ratio_counts",3.43549472559317,0.766224488754489,0.223031775611937
"LongBench","Kinnex","IsoQuant","CPM",7.3510734063214,5.89604753996772,0.802066203678165
"LongBench","Kinnex","IsoQuant","EDA",6.51810873354449,3.67967962297298,0.564531794941691
"LongBench","Kinnex","IsoQuant","TPM",10.3720686901938,12.6335605691058,1.21803672405777
"LongBench","Kinnex","IsoQuant","cqn",5.42914749725565,6.09731651212978,1.1230707058911
"LongBench","Kinnex","IsoQuant","ratio_counts",16.890725194104,2.07241504397165,0.122695444994574
"LongBench","Kinnex","Kallisto","CPM",10.232204818699,4.58167474140329,0.447770038088997
"LongBench","Kinnex","Kallisto","EDA",10.1889194196037,3.46161575448352,0.339743167251211
"LongBench","Kinnex","Kallisto","TPM",11.9881839600762,9.72417973992615,0.811147023795284
"LongBench","Kinnex","Kallisto","cqn",9.29833678563451,3.32671470555674,0.357775243277524
"LongBench","Kinnex","Kallisto","ratio_counts",18.7632330472935,2.45673513908539,0.130933466151227
"LongBench","Kinnex","Oarfish","CPM",5.73519636336765,3.07556370007918,0.536261272538756
"LongBench","Kinnex","Oarfish","EDA",5.93904706598162,2.29184151090459,0.385893811825818
"LongBench","Kinnex","Oarfish","TPM",6.35428363520521,5.42939194990881,0.854445955139279
"LongBench","Kinnex","Oarfish","cqn",4.98434232271515,2.26959286591261,0.455344500631386
"LongBench","Kinnex","Oarfish","ratio_counts",11.7867747372131,1.79380843698018,0.152188234438449
"LongBench","ONT cDNA","bambu","CPM",11.2385288424713,13.3960622973495,1.19197650200662
"LongBench","ONT cDNA","bambu","EDA",10.9658312599251,9.56043713754952,0.871838797345748
"LongBench","ONT cDNA","bambu","TPM",14.868913295663,30.9593680380219,2.0821540500241
"LongBench","ONT cDNA","bambu","cqn",10.4328542989055,8.86609290507495,0.849824281165803
"LongBench","ONT cDNA","bambu","ratio_counts",28.2520490326458,3.20843655818908,0.113564738418854
"LongBench","ONT cDNA","FLAIR","CPM",3.06117302837448,0.43889039728226,0.143373273321736
"LongBench","ONT cDNA","FLAIR","EDA",2.55834046245559,0.423791304573029,0.165650862655809
"LongBench","ONT cDNA","FLAIR","TPM",1.44400844607473,1.77216387860565,1.22725312543909
"LongBench","ONT cDNA","FLAIR","cqn",1.68497881096364,0.529611090755466,0.314313205192521
"LongBench","ONT cDNA","FLAIR","ratio_counts",12.4545691502026,0.754511771341626,0.0605811218551347
"LongBench","ONT cDNA","IsoQuant","CPM",8.32585821187708,5.98208790082947,0.718495048630044
"LongBench","ONT cDNA","IsoQuant","EDA",9.08869205160252,5.22805236106529,0.575226042579303
"LongBench","ONT cDNA","IsoQuant","TPM",6.76112907369786,12.5133607291819,1.85077974296651
"LongBench","ONT cDNA","IsoQuant","cqn",6.60373994685326,1.86692203997814,0.282706777523507
"LongBench","ONT cDNA","IsoQuant","ratio_counts",36.1955669261006,3.59664454938465,0.0993669903479564
"LongBench","ONT cDNA","Kallisto","CPM",14.4491872214946,17.5319785152196,1.2133539587015
"LongBench","ONT cDNA","Kallisto","EDA",14.0952404975866,14.0613322887993,0.997594350462263
"LongBench","ONT cDNA","Kallisto","TPM",21.1118501163578,46.5500126238496,2.20492341349951
"LongBench","ONT cDNA","Kallisto","cqn",12.2719467840583,8.26682897305628,0.673636312031207
"LongBench","ONT cDNA","Kallisto","ratio_counts",29.8184193414689,0.937061868478933,0.0314256050177599
"LongBench","ONT cDNA","Oarfish","CPM",9.08595058698987,12.0125663321232,1.32210341858165
"LongBench","ONT cDNA","Oarfish","EDA",8.90717238743535,9.54926420933362,1.07208705456336
"LongBench","ONT cDNA","Oarfish","TPM",14.2314854818453,33.4030494907544,2.34712318214186
"LongBench","ONT cDNA","Oarfish","cqn",8.02744815227033,7.1382356094748,0.889228491305292
"LongBench","ONT cDNA","Oarfish","ratio_counts",20.100735988772,2.43828151135893,0.1213030962011
"LongBench","ONT dRNA","bambu","CPM",13.0241663892911,9.31049286385338,0.714862862279523
"LongBench","ONT dRNA","bambu","EDA",12.5188355554171,7.0056191886203,0.559606295458436
"LongBench","ONT dRNA","bambu","TPM",16.3530138020559,30.8875293195418,1.88879736135602
"LongBench","ONT dRNA","bambu","cqn",11.4611836906902,4.03027380561514,0.351645511875785
"LongBench","ONT dRNA","bambu","ratio_counts",20.6527964752424,1.53829412746531,0.0744835755927459
"LongBench","ONT dRNA","FLAIR","CPM",3.79403420426604,1.62302270635039,0.427782834568401
"LongBench","ONT dRNA","FLAIR","EDA",3.79469639511456,1.76302263864926,0.464601763903706
"LongBench","ONT dRNA","FLAIR","TPM",4.29011446637008,8.00774131747758,1.86655656399141
"LongBench","ONT dRNA","FLAIR","cqn",2.01758668937636,0.429389176403212,0.212823160791142
"LongBench","ONT dRNA","FLAIR","ratio_counts",8.31794595509591,0.145828492761386,0.0175317913278873
"LongBench","ONT dRNA","IsoQuant","CPM",18.3204111050425,18.1707144910236,0.991828970804173
"LongBench","ONT dRNA","IsoQuant","EDA",17.4956277041843,12.9819584393906,0.742011584773595
"LongBench","ONT dRNA","IsoQuant","TPM",30.5803579593117,69.597538690741,2.27589025554714
"LongBench","ONT dRNA","IsoQuant","cqn",13.4069931908812,7.70814504022156,0.574934657643019
"LongBench","ONT dRNA","IsoQuant","ratio_counts",28.1116048038814,2.58280116284153,0.0918766886792931
"LongBench","ONT dRNA","Kallisto","CPM",16.7581235721946,12.8537824645425,0.767018002294107
"LongBench","ONT dRNA","Kallisto","EDA",16.2156122550769,9.64177892113159,0.594598512190799
"LongBench","ONT dRNA","Kallisto","TPM",26.0934672651252,49.4885894596789,1.89658924806141
"LongBench","ONT dRNA","Kallisto","cqn",14.6285239199644,5.94076553311411,0.406108337766492
"LongBench","ONT dRNA","Kallisto","ratio_counts",25.0346383055597,1.52431427056579,0.0608882082481403
"LongBench","ONT dRNA","Oarfish","CPM",9.65780831581041,7.71048379719956,0.798367864122654
"LongBench","ONT dRNA","Oarfish","EDA",9.40435967433874,6.17343344456687,0.656443783345723
"LongBench","ONT dRNA","Oarfish","TPM",17.4448695140896,38.1384835125535,2.18622922239404
"LongBench","ONT dRNA","Oarfish","cqn",8.41910405794048,3.72536325133049,0.44248927506923
"LongBench","ONT dRNA","Oarfish","ratio_counts",15.7792147659572,1.49012815089919,0.0944361410248413
"Mouse","Iso-Seq","bambu","CPM",24.6604734840764,8.25508695766772,0.334749734752585
"Mouse","Iso-Seq","bambu","EDA",25.3148675716103,5.78553153766305,0.228542832440147
"Mouse","Iso-Seq","bambu","TPM",31.8326920259049,15.7736011843757,0.495515778921225
"Mouse","Iso-Seq","bambu","cqn",26.9349543210023,4.60643006205998,0.171020526233755
"Mouse","Iso-Seq","bambu","ratio_counts",33.3654083260703,9.86345837815428,0.295619291745559
"Mouse","Iso-Seq","FLAIR","CPM",14.1202562704785,2.6632031129998,0.188608695337054
"Mouse","Iso-Seq","FLAIR","EDA",14.3978873189209,2.84080017135319,0.197306737330829
"Mouse","Iso-Seq","FLAIR","TPM",20.8088133583934,15.8813572132212,0.763203405196353
"Mouse","Iso-Seq","FLAIR","cqn",12.7543909460205,2.47984667478366,0.194430818788521
"Mouse","Iso-Seq","FLAIR","ratio_counts",16.5527007259487,6.45754634170792,0.390120406852087
"Mouse","Iso-Seq","IsoQuant","CPM",28.803015945061,9.64910026160046,0.335003121895471
"Mouse","Iso-Seq","IsoQuant","EDA",29.5721529426465,7.22878500464552,0.244445678969175
"Mouse","Iso-Seq","IsoQuant","TPM",37.4337660804825,19.6471611758467,0.524851310274402
"Mouse","Iso-Seq","IsoQuant","cqn",25.8388139727502,7.02000569742661,0.271684517131086
"Mouse","Iso-Seq","IsoQuant","ratio_counts",24.5646197592761,14.7258635679931,0.599474517102279
"Mouse","Iso-Seq","Kallisto","CPM",25.0532333935437,8.36696624102826,0.333967520662801
"Mouse","Iso-Seq","Kallisto","EDA",25.6149964550161,6.1449640114498,0.239897125195442
"Mouse","Iso-Seq","Kallisto","TPM",32.3885969876927,16.4757027074712,0.508688373063265
"Mouse","Iso-Seq","Kallisto","cqn",28.537702915328,4.92894074454514,0.172716800618796
"Mouse","Iso-Seq","Kallisto","ratio_counts",39.0815353797602,12.1107516652604,0.309884234270191
"Mouse","Iso-Seq","Oarfish","CPM",21.1727984261514,7.13424001851949,0.33695309778738
"Mouse","Iso-Seq","Oarfish","EDA",21.378440741986,5.14877909251542,0.240839785962664
"Mouse","Iso-Seq","Oarfish","TPM",27.399692489087,13.5807525745422,0.495653466912128
"Mouse","Iso-Seq","Oarfish","cqn",24.1143464737562,4.52185596230944,0.187517251078341
"Mouse","Iso-Seq","Oarfish","ratio_counts",31.9283185309795,8.9621219116395,0.280695079602883
"Mouse","Kinnex","bambu","CPM",9.69935888952531,4.81442482142206,0.49636526251455
"Mouse","Kinnex","bambu","EDA",9.83988421180197,3.65296206321435,0.371240350453817
"Mouse","Kinnex","bambu","TPM",10.7514931697278,8.18282326799101,0.761087147507179
"Mouse","Kinnex","bambu","cqn",10.4239495654342,3.49711800050858,0.335488768298056
"Mouse","Kinnex","bambu","ratio_counts",16.8014698263562,3.4776047938333,0.206982176546128
"Mouse","Kinnex","FLAIR","CPM",1.88766302302265,0.394875593857792,0.209187545150665
"Mouse","Kinnex","FLAIR","EDA",1.68524029012574,0.43783870270067,0.259807877408392
"Mouse","Kinnex","FLAIR","TPM",2.16615893550234,1.92538666037879,0.888848287548341
"Mouse","Kinnex","FLAIR","cqn",3.44258977669749,0.737358092813916,0.214187033786311
"Mouse","Kinnex","FLAIR","ratio_counts",3.53806020675324,1.11475311418155,0.315074659287531
"Mouse","Kinnex","IsoQuant","CPM",9.45600837888176,4.44496731684881,0.4700680391502
"Mouse","Kinnex","IsoQuant","EDA",9.46879970640387,4.09420679287678,0.432389206639128
"Mouse","Kinnex","IsoQuant","TPM",11.0699965061429,9.24035877354801,0.834721019868467
"Mouse","Kinnex","IsoQuant","cqn",6.72876583027384,3.17437396767063,0.471761694156244
"Mouse","Kinnex","IsoQuant","ratio_counts",11.9164544820753,3.45899975758115,0.290270882399136
"Mouse","Kinnex","Kallisto","CPM",9.5415796597009,4.22008368959794,0.442283546342077
"Mouse","Kinnex","Kallisto","EDA",9.617419223838,3.62953625642865,0.377391914811448
"Mouse","Kinnex","Kallisto","TPM",10.5264245804269,7.64872088522246,0.726620974366232
"Mouse","Kinnex","Kallisto","cqn",10.4805057421319,3.77690337486629,0.360374152526154
"Mouse","Kinnex","Kallisto","ratio_counts",12.0517822603378,2.98400774100468,0.247598875962521
"Mouse","Kinnex","Oarfish","CPM",7.57056139159769,3.87395247887887,0.511712709070484
"Mouse","Kinnex","Oarfish","EDA",7.29571615479385,2.96025549470103,0.40575255833602
"Mouse","Kinnex","Oarfish","TPM",8.13993826913087,6.15930188942869,0.756676732154916
"Mouse","Kinnex","Oarfish","cqn",9.01728108402211,2.75386962265943,0.305399110552189
"Mouse","Kinnex","Oarfish","ratio_counts",14.1634137436555,3.20994339171959,0.226636279206167
"Mouse","ONT cDNA","bambu","CPM",37.973985925241,53.3074308288036,1.40378813363836
"Mouse","ONT cDNA","bambu","EDA",35.7869045878586,35.1980431090159,0.983545336328347
"Mouse","ONT cDNA","bambu","TPM",48.5586542396861,108.690810398462,2.23834066450777
"Mouse","ONT cDNA","bambu","cqn",31.909768391871,13.1710024340014,0.412757694517041
"Mouse","ONT cDNA","bambu","ratio_counts",53.8009759469998,6.94605489437458,0.129106485005351
"Mouse","ONT cDNA","FLAIR","CPM",12.1112266101517,3.38700236424848,0.279658078679618
"Mouse","ONT cDNA","FLAIR","EDA",8.15079839493116,2.63412743404765,0.32317416115773
"Mouse","ONT cDNA","FLAIR","TPM",4.22571357212181,5.58538592859984,1.32176159914107
"Mouse","ONT cDNA","FLAIR","cqn",12.7918786814485,2.44212517969104,0.190912159230586
"Mouse","ONT cDNA","FLAIR","ratio_counts",24.6086291871957,4.12518936322176,0.167631822635946
"Mouse","ONT cDNA","IsoQuant","CPM",40.5638290856042,59.5115603288556,1.4671090395156
"Mouse","ONT cDNA","IsoQuant","EDA",43.0666008254777,43.0754959661687,1.00020654383027
"Mouse","ONT cDNA","IsoQuant","TPM",44.0777976396937,104.198880678542,2.36397656548763
"Mouse","ONT cDNA","IsoQuant","cqn",23.2369534367762,9.07165958046698,0.390397975584425
"Mouse","ONT cDNA","IsoQuant","ratio_counts",46.9300580129822,17.6164232738536,0.375376123954084
"Mouse","ONT cDNA","Kallisto","CPM",43.2342740107762,57.4029349189224,1.32771825669178
"Mouse","ONT cDNA","Kallisto","EDA",41.267553014704,34.9236054338026,0.846272746565782
"Mouse","ONT cDNA","Kallisto","TPM",61.2820043722031,137.324763856655,2.24086606277754
"Mouse","ONT cDNA","Kallisto","cqn",40.6048058668371,19.5589140369961,0.48168963302372
"Mouse","ONT cDNA","Kallisto","ratio_counts",66.2299399654073,10.8910418441804,0.164442876588276
"Mouse","ONT cDNA","Oarfish","CPM",41.5443754587539,77.6225245621013,1.86842439451681
"Mouse","ONT cDNA","Oarfish","EDA",29.5407494560731,44.9546908100984,1.52178572439219
"Mouse","ONT cDNA","Oarfish","TPM",69.7746930610819,197.311272852264,2.82783433643391
"Mouse","ONT cDNA","Oarfish","cqn",31.4023852293027,18.1818337836534,0.578995310416334
"Mouse","ONT cDNA","Oarfish","ratio_counts",48.2260306533235,6.14517629951003,0.127424467994994
"iNeuron","Kinnex","bambu","CPM",10.074935055835,4.56962951277894,0.453564165669972
"iNeuron","Kinnex","bambu","EDA",10.0880438790206,3.53639689687453,0.350553282607041
"iNeuron","Kinnex","bambu","TPM",12.066324737816,7.82180586125951,0.648234324138972
"iNeuron","Kinnex","bambu","cqn",11.4493040241688,2.98344211159898,0.260578468813571
"iNeuron","Kinnex","bambu","ratio_counts",22.6283017030977,2.24429338057475,0.0991808139215112
"iNeuron","Kinnex","FLAIR","CPM",2.3950049839798,1.16367426997487,0.485875510806322
"iNeuron","Kinnex","FLAIR","EDA",2.04672546964905,0.369943379834549,0.180748901267146
"iNeuron","Kinnex","FLAIR","TPM",2.66528068023798,1.95443676123598,0.733294911761967
"iNeuron","Kinnex","FLAIR","cqn",2.10762019460998,1.02354125894771,0.485638380940412
"iNeuron","Kinnex","FLAIR","ratio_counts",6.19073944646436,0.993494201288611,0.160480700226532
"iNeuron","Kinnex","IsoQuant","CPM",10.4963009489906,4.46664428682017,0.425544609336847
"iNeuron","Kinnex","IsoQuant","EDA",10.8695749741792,3.46375043301861,0.318664753796428
"iNeuron","Kinnex","IsoQuant","TPM",12.2575056747684,8.66949713198792,0.707280694948706
"iNeuron","Kinnex","IsoQuant","cqn",10.2599280542264,2.45735858796488,0.239510313812835
"iNeuron","Kinnex","IsoQuant","ratio_counts",26.8194182948108,3.13875772197149,0.117033027617113
"iNeuron","Kinnex","Kallisto","CPM",11.0488551409006,4.73920185109271,0.428931485720105
"iNeuron","Kinnex","Kallisto","EDA",11.4569691521901,3.59002743470347,0.313348791204277
"iNeuron","Kinnex","Kallisto","TPM",13.0101386632498,8.62860058526934,0.663221262171696
"iNeuron","Kinnex","Kallisto","cqn",15.4543945242391,2.8112249740234,0.181904568931134
"iNeuron","Kinnex","Kallisto","ratio_counts",25.1244931179221,2.41865829851913,0.0962669490352354
"iNeuron","Kinnex","Oarfish","CPM",7.05296646091554,3.35856042720611,0.476191180805664
"iNeuron","Kinnex","Oarfish","EDA",7.37149466659265,2.4522499605271,0.332666585467478
"iNeuron","Kinnex","Oarfish","TPM",8.21099227579473,5.71736014071858,0.696305628927803
"iNeuron","Kinnex","Oarfish","cqn",9.8228035170613,1.80267837722884,0.183519743024256
"iNeuron","Kinnex","Oarfish","ratio_counts",16.2347665647729,2.06634708458562,0.127279137420386
"iNeuron","ONT cDNA","bambu","CPM",12.9233236445861,17.7251151174353,1.37156010364724
"iNeuron","ONT cDNA","bambu","EDA",12.0071588783147,12.9807233176212,1.08108199859542
"iNeuron","ONT cDNA","bambu","TPM",19.4818883111223,42.6110866189523,2.18721542483259
"iNeuron","ONT cDNA","bambu","cqn",11.3258359026863,7.20676821017165,0.636312257399235
"iNeuron","ONT cDNA","bambu","ratio_counts",25.5330635499633,2.34086924867396,0.0916799209814104
"iNeuron","ONT cDNA","FLAIR","CPM",1.8021796438847,0.285121811836307,0.158209428679214
"iNeuron","ONT cDNA","FLAIR","EDA",1.59438824978484,0.319329109016372,0.200283155034205
"iNeuron","ONT cDNA","FLAIR","TPM",0.969096316268301,1.09330908690081,1.12817381363167
"iNeuron","ONT cDNA","FLAIR","cqn",0.764323563766581,0.3094943661039,0.404925846559949
"iNeuron","ONT cDNA","FLAIR","ratio_counts",8.7947652964135,0.619537996991205,0.0704439488844406
"iNeuron","ONT cDNA","IsoQuant","CPM",6.16134651737042,5.23310114527614,0.84934374824118
"iNeuron","ONT cDNA","IsoQuant","EDA",6.68851377449619,4.51813175248951,0.675506084732528
"iNeuron","ONT cDNA","IsoQuant","TPM",5.41159846689641,9.3075281658078,1.71992216768177
"iNeuron","ONT cDNA","IsoQuant","cqn",4.26015705931302,2.44483821452986,0.573884525967244
"iNeuron","ONT cDNA","IsoQuant","ratio_counts",27.71555595328,2.25473471895154,0.0813526787177691
"iNeuron","ONT cDNA","Kallisto","CPM",13.3260828403932,16.6209426544708,1.24724893680613
"iNeuron","ONT cDNA","Kallisto","EDA",12.8139660945633,13.8164669657418,1.07823501824339
"iNeuron","ONT cDNA","Kallisto","TPM",20.4690983805594,42.4582877714945,2.07426272433276
"iNeuron","ONT cDNA","Kallisto","cqn",11.5887855540969,5.71465625529553,0.493119510117715
"iNeuron","ONT cDNA","Kallisto","ratio_counts",25.6211140981922,1.32019669744903,0.0515276850331104
"iNeuron","ONT cDNA","Oarfish","CPM",9.66393710486844,12.9390237899826,1.33889776491449
"iNeuron","ONT cDNA","Oarfish","EDA",9.1143292008319,10.3691085674717,1.13767106047972
"iNeuron","ONT cDNA","Oarfish","TPM",14.5803825962773,32.2930185881509,2.21482655718486
"iNeuron","ONT cDNA","Oarfish","cqn",8.726831097358,4.88430731302685,0.559688535109331
"iNeuron","ONT cDNA","Oarfish","ratio_counts",18.9247278742931,2.13792490925023,0.112969915522766
