# ERCC spike-in Similarity and RMSE computed per sample as NRMSE = RMSE / abs(mean_expected) and Similarity = 1 - NRMSE. Values are the mean across samples, grouped by Dataset, Technology, and Normalization.
Dataset,Tech,Normalization,Similarity,RMSE
LongBench,Kinnex,CPM,0.31824315964597266,3.2825550609417604
LongBench,Kinnex,CQN,0.3196246624579406,3.2759033359003578
LongBench,Kinnex,EDASeq,0.3221878184809863,3.2635621311226206
LongBench,Kinnex,SMR,0.17841920974448022,7.581629038926139
LongBench,Kinnex,TPM,0.32821954582251095,3.2345202852045647
LongBench,ONT cDNA,CPM,0.2759573574730559,3.4861547400540527
LongBench,ONT cDNA,CQN,0.27526913409581627,3.4894684305024577
LongBench,ONT cDNA,EDASeq,0.2763860690153349,3.484090559455496
LongBench,ONT cDNA,SMR,0.14995800188598934,7.844271888591279
LongBench,ONT cDNA,TPM,0.27137941348784894,3.508196841149137
LongBench,ONT dRNA,CPM,0.15529653621930842,4.06711816575023
LongBench,ONT dRNA,CQN,0.15703719180921952,4.058737174936772
LongBench,ONT dRNA,EDASeq,0.1552982461725766,4.067109932586407
LongBench,ONT dRNA,SMR,0.08707876996050179,8.424527678850666
LongBench,ONT dRNA,TPM,0.15467168400024225,4.070126733750767
Neuron,Kinnex,CPM,0.2997471823334859,3.371610366793389
Neuron,Kinnex,CQN,0.30820713214285256,3.3308770005573725
Neuron,Kinnex,EDASeq,0.3086845405608979,3.3285783519395205
Neuron,Kinnex,SMR,0.19497100111357726,7.428887466120909
Neuron,Kinnex,TPM,0.3141647707382103,3.302191880636466
Neuron,ONT cDNA,CPM,0.40649815318929705,2.8576207462987515
Neuron,ONT cDNA,CQN,0.4061565659320467,2.859265436771469
Neuron,ONT cDNA,EDASeq,0.40640955338605367,2.858047340819437
Neuron,ONT cDNA,SMR,0.2130743476108393,7.2618279886680615
Neuron,ONT cDNA,TPM,0.3981414664718457,2.8978569165186645
