# Spike-in detection Sensitivity per sample averaged and grouped by Dataset, Technology, SpikeIn (SIRV/ERCC), and Tool. Only unfiltered summary rows are used.
Dataset,Tech,SpikeIn,Tool,Sensitivity
LongBench,Kinnex,ERCC,FLAIR,0.326086956521739
LongBench,Kinnex,ERCC,IsoQuant,0.326086956521739
LongBench,Kinnex,ERCC,Kallisto,0.326086956521739
LongBench,Kinnex,ERCC,Oarfish,0.326086956521739
LongBench,Kinnex,ERCC,bambu,0.282608695652174
LongBench,Kinnex,SIRV,FLAIR,0.6488095238095241
LongBench,Kinnex,SIRV,IsoQuant,0.630952380952381
LongBench,Kinnex,SIRV,Kallisto,0.75
LongBench,Kinnex,SIRV,Oarfish,0.738095238095238
LongBench,Kinnex,SIRV,bambu,0.761904761904762
LongBench,ONT cDNA,ERCC,FLAIR,0.0
LongBench,ONT cDNA,ERCC,IsoQuant,0.358695652173913
LongBench,ONT cDNA,ERCC,Kallisto,0.347826086956522
LongBench,ONT cDNA,ERCC,Oarfish,0.358695652173913
LongBench,ONT cDNA,ERCC,bambu,0.260869565217391
LongBench,ONT cDNA,SIRV,FLAIR,0.8035714285714289
LongBench,ONT cDNA,SIRV,IsoQuant,0.797619047619048
LongBench,ONT cDNA,SIRV,Kallisto,0.9285714285714292
LongBench,ONT cDNA,SIRV,Oarfish,0.9404761904761901
LongBench,ONT cDNA,SIRV,bambu,0.952380952380952
LongBench,ONT dRNA,ERCC,FLAIR,0.1793478260869565
LongBench,ONT dRNA,ERCC,IsoQuant,0.184782608695652
LongBench,ONT dRNA,ERCC,Kallisto,0.184782608695652
LongBench,ONT dRNA,ERCC,Oarfish,0.184782608695652
LongBench,ONT dRNA,ERCC,bambu,0.09782608695652169
LongBench,ONT dRNA,SIRV,FLAIR,0.964285714285714
LongBench,ONT dRNA,SIRV,IsoQuant,0.779761904761905
LongBench,ONT dRNA,SIRV,Kallisto,0.9285714285714292
LongBench,ONT dRNA,SIRV,Oarfish,0.916666666666667
LongBench,ONT dRNA,SIRV,bambu,0.904761904761905
Mouse,Iso-Seq,SIRV,FLAIR,0.8043478260869564
Mouse,Iso-Seq,SIRV,IsoQuant,0.707246376811594
Mouse,Iso-Seq,SIRV,Kallisto,0.8086956521739129
Mouse,Iso-Seq,SIRV,Oarfish,0.7898550724637683
Mouse,Iso-Seq,SIRV,bambu,0.7623188405797101
Mouse,Kinnex,SIRV,FLAIR,0.956521739130435
Mouse,Kinnex,SIRV,IsoQuant,0.8599033816425119
Mouse,Kinnex,SIRV,Kallisto,0.932367149758454
Mouse,Kinnex,SIRV,Oarfish,0.9130434782608696
Mouse,Kinnex,SIRV,bambu,0.8985507246376814
Mouse,ONT cDNA,SIRV,FLAIR,0.9818840579710146
Mouse,ONT cDNA,SIRV,IsoQuant,0.9623188405797102
Mouse,ONT cDNA,SIRV,Kallisto,0.9101449275362322
Mouse,ONT cDNA,SIRV,Oarfish,0.9108695652173916
Mouse,ONT cDNA,SIRV,bambu,0.9297101449275361
Neuron,Kinnex,ERCC,FLAIR,0.402173913043478
Neuron,Kinnex,ERCC,IsoQuant,0.1195652173913045
Neuron,Kinnex,ERCC,Kallisto,0.402173913043478
Neuron,Kinnex,ERCC,Oarfish,0.402173913043478
Neuron,Kinnex,ERCC,bambu,0.3677536231884055
Neuron,Kinnex,SIRV,FLAIR,0.7415458937198068
Neuron,Kinnex,SIRV,IsoQuant,0.6908212560386472
Neuron,Kinnex,SIRV,Kallisto,0.7705314009661836
Neuron,Kinnex,SIRV,Oarfish,0.7439613526570049
Neuron,Kinnex,SIRV,bambu,0.7246376811594203
Neuron,ONT cDNA,ERCC,FLAIR,0.0
Neuron,ONT cDNA,ERCC,IsoQuant,0.467391304347826
Neuron,ONT cDNA,ERCC,Kallisto,0.467391304347826
Neuron,ONT cDNA,ERCC,Oarfish,0.467391304347826
Neuron,ONT cDNA,ERCC,bambu,0.38949275362318847
Neuron,ONT cDNA,SIRV,FLAIR,0.9734299516908215
Neuron,ONT cDNA,SIRV,IsoQuant,0.9589371980676327
Neuron,ONT cDNA,SIRV,Kallisto,0.9106280193236719
Neuron,ONT cDNA,SIRV,Oarfish,0.9082125603864738
Neuron,ONT cDNA,SIRV,bambu,0.9468599033816426
