# Median, mean, and count of Spearman Correlation grouped simultaneously by Dataset, Technology, Level, Tool, AND Normalization (the tool-by-normalization breakdown quoted in the Section 3.4 prose). Metrics rounded to 4 decimals; sorted by descending median within each grouping.
Dataset,Tech,Level,Tool,Normalization,Sample_Median,Sample_Mean,Sample_Count
LongBench,Kinnex,Gene,Oarfish,CPM,0.8456,0.8495,6
LongBench,Kinnex,Gene,bambu,CPM,0.8295,0.8341,6
LongBench,Kinnex,Gene,FLAIR,CPM,0.8266,0.8296,6
LongBench,Kinnex,Gene,Kallisto,CPM,0.8117,0.8152,6
LongBench,Kinnex,Gene,IsoQuant,CPM,0.6605,0.6597,6
LongBench,Kinnex,Gene,Oarfish,CQN,0.8582,0.8566,6
LongBench,Kinnex,Gene,bambu,CQN,0.8434,0.8448,6
LongBench,Kinnex,Gene,Kallisto,CQN,0.8311,0.8324,6
LongBench,Kinnex,Gene,FLAIR,CQN,0.8262,0.8265,6
LongBench,Kinnex,Gene,IsoQuant,CQN,0.6571,0.6514,6
LongBench,Kinnex,Gene,Oarfish,EDASeq,0.8639,0.8625,6
LongBench,Kinnex,Gene,FLAIR,EDASeq,0.8412,0.8424,6
LongBench,Kinnex,Gene,bambu,EDASeq,0.8327,0.8312,6
LongBench,Kinnex,Gene,Kallisto,EDASeq,0.8229,0.8199,6
LongBench,Kinnex,Gene,IsoQuant,EDASeq,0.6594,0.6568,6
LongBench,Kinnex,Gene,Kallisto,SMR,0.8456,0.8375,6
LongBench,Kinnex,Gene,Oarfish,SMR,0.8434,0.8424,6
LongBench,Kinnex,Gene,bambu,SMR,0.8399,0.8333,6
LongBench,Kinnex,Gene,FLAIR,SMR,0.8323,0.8257,6
LongBench,Kinnex,Gene,IsoQuant,SMR,0.669,0.6747,6
LongBench,Kinnex,Gene,Oarfish,TPM,0.8767,0.8756,6
LongBench,Kinnex,Gene,bambu,TPM,0.8629,0.8621,6
LongBench,Kinnex,Gene,Kallisto,TPM,0.8579,0.8567,6
LongBench,Kinnex,Gene,FLAIR,TPM,0.8491,0.849,6
LongBench,Kinnex,Gene,IsoQuant,TPM,0.6565,0.6531,6
LongBench,Kinnex,Transcript,Oarfish,CPM,0.6919,0.693,6
LongBench,Kinnex,Transcript,bambu,CPM,0.6879,0.6889,6
LongBench,Kinnex,Transcript,Kallisto,CPM,0.6829,0.6843,6
LongBench,Kinnex,Transcript,FLAIR,CPM,0.6433,0.6423,6
LongBench,Kinnex,Transcript,IsoQuant,CPM,0.6212,0.6186,6
LongBench,Kinnex,Transcript,Kallisto,CQN,0.6974,0.6977,6
LongBench,Kinnex,Transcript,Oarfish,CQN,0.6929,0.6952,6
LongBench,Kinnex,Transcript,bambu,CQN,0.6914,0.693,6
LongBench,Kinnex,Transcript,FLAIR,CQN,0.6417,0.6415,6
LongBench,Kinnex,Transcript,IsoQuant,CQN,0.6178,0.6166,6
LongBench,Kinnex,Transcript,Oarfish,EDASeq,0.7028,0.7039,6
LongBench,Kinnex,Transcript,Kallisto,EDASeq,0.6889,0.687,6
LongBench,Kinnex,Transcript,bambu,EDASeq,0.6828,0.6838,6
LongBench,Kinnex,Transcript,FLAIR,EDASeq,0.6587,0.6569,6
LongBench,Kinnex,Transcript,IsoQuant,EDASeq,0.6203,0.6191,6
LongBench,Kinnex,Transcript,Oarfish,SMR,0.6785,0.6817,6
LongBench,Kinnex,Transcript,Kallisto,SMR,0.6594,0.665,6
LongBench,Kinnex,Transcript,bambu,SMR,0.6579,0.6638,6
LongBench,Kinnex,Transcript,IsoQuant,SMR,0.6332,0.6235,6
LongBench,Kinnex,Transcript,FLAIR,SMR,0.6054,0.6118,6
LongBench,Kinnex,Transcript,Oarfish,TPM,0.7452,0.7439,6
LongBench,Kinnex,Transcript,bambu,TPM,0.7395,0.7383,6
LongBench,Kinnex,Transcript,Kallisto,TPM,0.7337,0.731,6
LongBench,Kinnex,Transcript,FLAIR,TPM,0.661,0.6593,6
LongBench,Kinnex,Transcript,IsoQuant,TPM,0.5916,0.5872,6
LongBench,ONT cDNA,Gene,Oarfish,CPM,0.7873,0.7898,6
LongBench,ONT cDNA,Gene,Kallisto,CPM,0.7808,0.7852,6
LongBench,ONT cDNA,Gene,bambu,CPM,0.7565,0.7595,6
LongBench,ONT cDNA,Gene,FLAIR,CPM,0.7544,0.7595,6
LongBench,ONT cDNA,Gene,IsoQuant,CPM,0.6493,0.6471,6
LongBench,ONT cDNA,Gene,Kallisto,CQN,0.8167,0.8188,6
LongBench,ONT cDNA,Gene,Oarfish,CQN,0.8139,0.816,6
LongBench,ONT cDNA,Gene,bambu,CQN,0.7987,0.8009,6
LongBench,ONT cDNA,Gene,FLAIR,CQN,0.7757,0.781,6
LongBench,ONT cDNA,Gene,IsoQuant,CQN,0.6546,0.654,6
LongBench,ONT cDNA,Gene,Oarfish,EDASeq,0.7985,0.8038,6
LongBench,ONT cDNA,Gene,Kallisto,EDASeq,0.793,0.8004,6
LongBench,ONT cDNA,Gene,bambu,EDASeq,0.7786,0.7852,6
LongBench,ONT cDNA,Gene,FLAIR,EDASeq,0.7492,0.7558,6
LongBench,ONT cDNA,Gene,IsoQuant,EDASeq,0.6594,0.6591,6
LongBench,ONT cDNA,Gene,Kallisto,SMR,0.7562,0.7472,6
LongBench,ONT cDNA,Gene,Oarfish,SMR,0.7313,0.7216,6
LongBench,ONT cDNA,Gene,bambu,SMR,0.7084,0.6994,6
LongBench,ONT cDNA,Gene,FLAIR,SMR,0.7001,0.691,6
LongBench,ONT cDNA,Gene,IsoQuant,SMR,0.6067,0.6038,6
LongBench,ONT cDNA,Gene,Oarfish,TPM,0.7084,0.709,6
LongBench,ONT cDNA,Gene,Kallisto,TPM,0.6815,0.6823,6
LongBench,ONT cDNA,Gene,FLAIR,TPM,0.6809,0.681,6
LongBench,ONT cDNA,Gene,bambu,TPM,0.6491,0.6483,6
LongBench,ONT cDNA,Gene,IsoQuant,TPM,0.5628,0.5586,6
LongBench,ONT cDNA,Transcript,Kallisto,CPM,0.7135,0.7163,6
LongBench,ONT cDNA,Transcript,bambu,CPM,0.6713,0.6705,6
LongBench,ONT cDNA,Transcript,Oarfish,CPM,0.6691,0.6685,6
LongBench,ONT cDNA,Transcript,IsoQuant,CPM,0.6353,0.6288,6
LongBench,ONT cDNA,Transcript,FLAIR,CPM,0.6087,0.6042,6
LongBench,ONT cDNA,Transcript,Kallisto,CQN,0.7306,0.7339,6
LongBench,ONT cDNA,Transcript,bambu,CQN,0.6904,0.6907,6
LongBench,ONT cDNA,Transcript,Oarfish,CQN,0.6764,0.6761,6
LongBench,ONT cDNA,Transcript,IsoQuant,CQN,0.6184,0.6153,6
LongBench,ONT cDNA,Transcript,FLAIR,CQN,0.61,0.6082,6
LongBench,ONT cDNA,Transcript,Kallisto,EDASeq,0.7133,0.7184,6
LongBench,ONT cDNA,Transcript,bambu,EDASeq,0.6745,0.676,6
LongBench,ONT cDNA,Transcript,Oarfish,EDASeq,0.6619,0.6639,6
LongBench,ONT cDNA,Transcript,IsoQuant,EDASeq,0.6553,0.6478,6
LongBench,ONT cDNA,Transcript,FLAIR,EDASeq,0.6012,0.5981,6
LongBench,ONT cDNA,Transcript,Kallisto,SMR,0.6523,0.6457,6
LongBench,ONT cDNA,Transcript,bambu,SMR,0.5876,0.5816,6
LongBench,ONT cDNA,Transcript,Oarfish,SMR,0.5776,0.5728,6
LongBench,ONT cDNA,Transcript,IsoQuant,SMR,0.5705,0.5737,6
LongBench,ONT cDNA,Transcript,FLAIR,SMR,0.554,0.5463,6
LongBench,ONT cDNA,Transcript,Kallisto,TPM,0.6432,0.6435,6
LongBench,ONT cDNA,Transcript,Oarfish,TPM,0.6315,0.6276,6
LongBench,ONT cDNA,Transcript,bambu,TPM,0.6077,0.6045,6
LongBench,ONT cDNA,Transcript,FLAIR,TPM,0.5505,0.5408,6
LongBench,ONT cDNA,Transcript,IsoQuant,TPM,0.5292,0.5184,6
LongBench,ONT dRNA,Gene,Oarfish,CPM,0.9324,0.9334,6
LongBench,ONT dRNA,Gene,bambu,CPM,0.9218,0.9218,6
LongBench,ONT dRNA,Gene,FLAIR,CPM,0.9127,0.9121,6
LongBench,ONT dRNA,Gene,Kallisto,CPM,0.9042,0.9031,6
LongBench,ONT dRNA,Gene,IsoQuant,CPM,0.8257,0.8241,6
LongBench,ONT dRNA,Gene,Oarfish,CQN,0.921,0.9233,6
LongBench,ONT dRNA,Gene,bambu,CQN,0.9154,0.9163,6
LongBench,ONT dRNA,Gene,FLAIR,CQN,0.9113,0.9122,6
LongBench,ONT dRNA,Gene,Kallisto,CQN,0.8978,0.8984,6
LongBench,ONT dRNA,Gene,IsoQuant,CQN,0.8334,0.8318,6
LongBench,ONT dRNA,Gene,Oarfish,EDASeq,0.9245,0.9261,6
LongBench,ONT dRNA,Gene,bambu,EDASeq,0.9138,0.9148,6
LongBench,ONT dRNA,Gene,FLAIR,EDASeq,0.9125,0.9119,6
LongBench,ONT dRNA,Gene,Kallisto,EDASeq,0.8992,0.8983,6
LongBench,ONT dRNA,Gene,IsoQuant,EDASeq,0.831,0.8287,6
LongBench,ONT dRNA,Gene,Kallisto,SMR,0.8837,0.8785,6
LongBench,ONT dRNA,Gene,Oarfish,SMR,0.8788,0.8777,6
LongBench,ONT dRNA,Gene,bambu,SMR,0.8784,0.8755,6
LongBench,ONT dRNA,Gene,FLAIR,SMR,0.8599,0.8599,6
LongBench,ONT dRNA,Gene,IsoQuant,SMR,0.7835,0.7856,6
LongBench,ONT dRNA,Gene,Oarfish,TPM,0.9062,0.903,6
LongBench,ONT dRNA,Gene,bambu,TPM,0.8751,0.8727,6
LongBench,ONT dRNA,Gene,FLAIR,TPM,0.8696,0.8668,6
LongBench,ONT dRNA,Gene,Kallisto,TPM,0.8562,0.8508,6
LongBench,ONT dRNA,Gene,IsoQuant,TPM,0.7444,0.7404,6
LongBench,ONT dRNA,Transcript,Kallisto,CPM,0.8019,0.8034,6
LongBench,ONT dRNA,Transcript,IsoQuant,CPM,0.7953,0.7944,6
LongBench,ONT dRNA,Transcript,Oarfish,CPM,0.7735,0.7773,6
LongBench,ONT dRNA,Transcript,bambu,CPM,0.7726,0.7756,6
LongBench,ONT dRNA,Transcript,FLAIR,CPM,0.713,0.7153,6
LongBench,ONT dRNA,Transcript,Kallisto,CQN,0.7937,0.7932,6
LongBench,ONT dRNA,Transcript,IsoQuant,CQN,0.7714,0.771,6
LongBench,ONT dRNA,Transcript,bambu,CQN,0.7652,0.7667,6
LongBench,ONT dRNA,Transcript,Oarfish,CQN,0.762,0.7607,6
LongBench,ONT dRNA,Transcript,FLAIR,CQN,0.714,0.7115,6
LongBench,ONT dRNA,Transcript,Kallisto,EDASeq,0.7944,0.7942,6
LongBench,ONT dRNA,Transcript,IsoQuant,EDASeq,0.7943,0.7948,6
LongBench,ONT dRNA,Transcript,Oarfish,EDASeq,0.7654,0.7636,6
LongBench,ONT dRNA,Transcript,bambu,EDASeq,0.7625,0.7641,6
LongBench,ONT dRNA,Transcript,FLAIR,EDASeq,0.7129,0.7154,6
LongBench,ONT dRNA,Transcript,Kallisto,SMR,0.7495,0.7501,6
LongBench,ONT dRNA,Transcript,Oarfish,SMR,0.7124,0.7185,6
LongBench,ONT dRNA,Transcript,IsoQuant,SMR,0.71,0.7131,6
LongBench,ONT dRNA,Transcript,bambu,SMR,0.7025,0.7089,6
LongBench,ONT dRNA,Transcript,FLAIR,SMR,0.6355,0.6393,6
LongBench,ONT dRNA,Transcript,Kallisto,TPM,0.7965,0.7924,6
LongBench,ONT dRNA,Transcript,Oarfish,TPM,0.7875,0.7874,6
LongBench,ONT dRNA,Transcript,bambu,TPM,0.7751,0.7738,6
LongBench,ONT dRNA,Transcript,IsoQuant,TPM,0.7357,0.7348,6
LongBench,ONT dRNA,Transcript,FLAIR,TPM,0.6856,0.6868,6
Mouse,Iso-Seq,Gene,Oarfish,CPM,0.7557,0.7556,20
Mouse,Iso-Seq,Gene,bambu,CPM,0.7378,0.7379,20
Mouse,Iso-Seq,Gene,FLAIR,CPM,0.7361,0.7381,20
Mouse,Iso-Seq,Gene,Kallisto,CPM,0.6958,0.6996,20
Mouse,Iso-Seq,Gene,IsoQuant,CPM,0.6792,0.683,20
Mouse,Iso-Seq,Gene,Oarfish,CQN,0.7573,0.7324,20
Mouse,Iso-Seq,Gene,FLAIR,CQN,0.7447,0.7223,20
Mouse,Iso-Seq,Gene,bambu,CQN,0.7426,0.7222,20
Mouse,Iso-Seq,Gene,Kallisto,CQN,0.6986,0.6853,20
Mouse,Iso-Seq,Gene,IsoQuant,CQN,0.671,0.6609,20
Mouse,Iso-Seq,Gene,Oarfish,EDASeq,0.7248,0.7285,20
Mouse,Iso-Seq,Gene,FLAIR,EDASeq,0.723,0.7269,20
Mouse,Iso-Seq,Gene,bambu,EDASeq,0.7059,0.7108,20
Mouse,Iso-Seq,Gene,Kallisto,EDASeq,0.6674,0.6636,20
Mouse,Iso-Seq,Gene,IsoQuant,EDASeq,0.6623,0.662,20
Mouse,Iso-Seq,Gene,Oarfish,SMR,0.7768,0.7531,20
Mouse,Iso-Seq,Gene,bambu,SMR,0.7688,0.7493,20
Mouse,Iso-Seq,Gene,Kallisto,SMR,0.7667,0.7489,20
Mouse,Iso-Seq,Gene,FLAIR,SMR,0.758,0.7352,20
Mouse,Iso-Seq,Gene,IsoQuant,SMR,0.7061,0.6789,20
Mouse,Iso-Seq,Gene,Oarfish,TPM,0.8325,0.8426,20
Mouse,Iso-Seq,Gene,FLAIR,TPM,0.8245,0.8323,20
Mouse,Iso-Seq,Gene,bambu,TPM,0.8161,0.827,20
Mouse,Iso-Seq,Gene,Kallisto,TPM,0.7961,0.8074,20
Mouse,Iso-Seq,Gene,IsoQuant,TPM,0.7584,0.771,20
Mouse,Iso-Seq,Transcript,Oarfish,CPM,0.7122,0.7063,20
Mouse,Iso-Seq,Transcript,bambu,CPM,0.6998,0.6927,20
Mouse,Iso-Seq,Transcript,IsoQuant,CPM,0.6763,0.6764,20
Mouse,Iso-Seq,Transcript,FLAIR,CPM,0.6748,0.6749,20
Mouse,Iso-Seq,Transcript,Kallisto,CPM,0.6635,0.6621,20
Mouse,Iso-Seq,Transcript,Oarfish,CQN,0.6886,0.6866,20
Mouse,Iso-Seq,Transcript,bambu,CQN,0.6786,0.676,20
Mouse,Iso-Seq,Transcript,FLAIR,CQN,0.6609,0.6606,20
Mouse,Iso-Seq,Transcript,Kallisto,CQN,0.6575,0.6555,20
Mouse,Iso-Seq,Transcript,IsoQuant,CQN,0.6408,0.6371,20
Mouse,Iso-Seq,Transcript,Oarfish,EDASeq,0.6646,0.6702,20
Mouse,Iso-Seq,Transcript,FLAIR,EDASeq,0.6556,0.6627,20
Mouse,Iso-Seq,Transcript,bambu,EDASeq,0.6513,0.6575,20
Mouse,Iso-Seq,Transcript,IsoQuant,EDASeq,0.6485,0.6547,20
Mouse,Iso-Seq,Transcript,Kallisto,EDASeq,0.6223,0.6239,20
Mouse,Iso-Seq,Transcript,bambu,SMR,0.6475,0.6307,20
Mouse,Iso-Seq,Transcript,Kallisto,SMR,0.6417,0.6286,20
Mouse,Iso-Seq,Transcript,Oarfish,SMR,0.6391,0.6247,20
Mouse,Iso-Seq,Transcript,IsoQuant,SMR,0.6146,0.5986,20
Mouse,Iso-Seq,Transcript,FLAIR,SMR,0.602,0.5861,20
Mouse,Iso-Seq,Transcript,Oarfish,TPM,0.7801,0.7867,20
Mouse,Iso-Seq,Transcript,bambu,TPM,0.7723,0.7804,20
Mouse,Iso-Seq,Transcript,FLAIR,TPM,0.7533,0.7596,20
Mouse,Iso-Seq,Transcript,IsoQuant,TPM,0.7528,0.7633,20
Mouse,Iso-Seq,Transcript,Kallisto,TPM,0.7488,0.7584,20
Mouse,Kinnex,Gene,Oarfish,CPM,0.8905,0.8894,9
Mouse,Kinnex,Gene,bambu,CPM,0.8773,0.8747,9
Mouse,Kinnex,Gene,FLAIR,CPM,0.8763,0.8772,9
Mouse,Kinnex,Gene,Kallisto,CPM,0.8573,0.8546,9
Mouse,Kinnex,Gene,IsoQuant,CPM,0.8283,0.8248,9
Mouse,Kinnex,Gene,FLAIR,CQN,0.8599,0.8428,9
Mouse,Kinnex,Gene,Oarfish,CQN,0.8448,0.8432,9
Mouse,Kinnex,Gene,bambu,CQN,0.83,0.8316,9
Mouse,Kinnex,Gene,Kallisto,CQN,0.8086,0.8144,9
Mouse,Kinnex,Gene,IsoQuant,CQN,0.7836,0.7718,9
Mouse,Kinnex,Gene,FLAIR,EDASeq,0.8911,0.89,9
Mouse,Kinnex,Gene,Oarfish,EDASeq,0.8767,0.8764,9
Mouse,Kinnex,Gene,bambu,EDASeq,0.8303,0.8358,9
Mouse,Kinnex,Gene,IsoQuant,EDASeq,0.8131,0.8129,9
Mouse,Kinnex,Gene,Kallisto,EDASeq,0.8053,0.8132,9
Mouse,Kinnex,Gene,Oarfish,SMR,0.8877,0.8521,9
Mouse,Kinnex,Gene,bambu,SMR,0.8678,0.8251,9
Mouse,Kinnex,Gene,FLAIR,SMR,0.8643,0.8308,9
Mouse,Kinnex,Gene,Kallisto,SMR,0.8599,0.8194,9
Mouse,Kinnex,Gene,IsoQuant,SMR,0.7654,0.7101,9
Mouse,Kinnex,Gene,Oarfish,TPM,0.9222,0.9218,9
Mouse,Kinnex,Gene,bambu,TPM,0.9098,0.909,9
Mouse,Kinnex,Gene,FLAIR,TPM,0.9059,0.905,9
Mouse,Kinnex,Gene,Kallisto,TPM,0.9035,0.9032,9
Mouse,Kinnex,Gene,IsoQuant,TPM,0.8393,0.8407,9
Mouse,Kinnex,Transcript,Oarfish,CPM,0.7538,0.7505,9
Mouse,Kinnex,Transcript,IsoQuant,CPM,0.7475,0.7475,9
Mouse,Kinnex,Transcript,FLAIR,CPM,0.7296,0.726,9
Mouse,Kinnex,Transcript,bambu,CPM,0.7274,0.7281,9
Mouse,Kinnex,Transcript,Kallisto,CPM,0.724,0.7261,9
Mouse,Kinnex,Transcript,Kallisto,CQN,0.6949,0.6896,9
Mouse,Kinnex,Transcript,Oarfish,CQN,0.6947,0.6991,9
Mouse,Kinnex,Transcript,FLAIR,CQN,0.6939,0.6916,9
Mouse,Kinnex,Transcript,bambu,CQN,0.6788,0.6779,9
Mouse,Kinnex,Transcript,IsoQuant,CQN,0.6611,0.6615,9
Mouse,Kinnex,Transcript,FLAIR,EDASeq,0.7363,0.74,9
Mouse,Kinnex,Transcript,IsoQuant,EDASeq,0.7358,0.7343,9
Mouse,Kinnex,Transcript,Oarfish,EDASeq,0.7204,0.7254,9
Mouse,Kinnex,Transcript,Kallisto,EDASeq,0.686,0.6822,9
Mouse,Kinnex,Transcript,bambu,EDASeq,0.6696,0.6795,9
Mouse,Kinnex,Transcript,Oarfish,SMR,0.6445,0.6365,9
Mouse,Kinnex,Transcript,Kallisto,SMR,0.6368,0.6088,9
Mouse,Kinnex,Transcript,IsoQuant,SMR,0.6226,0.584,9
Mouse,Kinnex,Transcript,bambu,SMR,0.6191,0.6052,9
Mouse,Kinnex,Transcript,FLAIR,SMR,0.6046,0.58,9
Mouse,Kinnex,Transcript,Oarfish,TPM,0.7886,0.7956,9
Mouse,Kinnex,Transcript,bambu,TPM,0.7727,0.7793,9
Mouse,Kinnex,Transcript,IsoQuant,TPM,0.7647,0.7693,9
Mouse,Kinnex,Transcript,Kallisto,TPM,0.7646,0.7754,9
Mouse,Kinnex,Transcript,FLAIR,TPM,0.7496,0.7525,9
Mouse,ONT cDNA,Gene,FLAIR,CPM,0.8128,0.8188,20
Mouse,ONT cDNA,Gene,bambu,CPM,0.7852,0.792,20
Mouse,ONT cDNA,Gene,Oarfish,CPM,0.7589,0.7706,20
Mouse,ONT cDNA,Gene,Kallisto,CPM,0.7539,0.7679,20
Mouse,ONT cDNA,Gene,IsoQuant,CPM,0.6805,0.6855,20
Mouse,ONT cDNA,Gene,FLAIR,CQN,0.8096,0.8115,20
Mouse,ONT cDNA,Gene,bambu,CQN,0.7818,0.7852,20
Mouse,ONT cDNA,Gene,Kallisto,CQN,0.7712,0.7701,20
Mouse,ONT cDNA,Gene,Oarfish,CQN,0.7649,0.7717,20
Mouse,ONT cDNA,Gene,IsoQuant,CQN,0.6498,0.6529,20
Mouse,ONT cDNA,Gene,FLAIR,EDASeq,0.8038,0.8048,20
Mouse,ONT cDNA,Gene,bambu,EDASeq,0.7599,0.7613,20
Mouse,ONT cDNA,Gene,Oarfish,EDASeq,0.7565,0.7555,20
Mouse,ONT cDNA,Gene,Kallisto,EDASeq,0.729,0.7293,20
Mouse,ONT cDNA,Gene,IsoQuant,EDASeq,0.6939,0.6991,20
Mouse,ONT cDNA,Gene,Kallisto,SMR,0.756,0.7364,20
Mouse,ONT cDNA,Gene,bambu,SMR,0.7456,0.7238,20
Mouse,ONT cDNA,Gene,FLAIR,SMR,0.7355,0.716,20
Mouse,ONT cDNA,Gene,Oarfish,SMR,0.7232,0.7117,20
Mouse,ONT cDNA,Gene,IsoQuant,SMR,0.5683,0.5564,20
Mouse,ONT cDNA,Gene,Oarfish,TPM,0.7247,0.7345,20
Mouse,ONT cDNA,Gene,bambu,TPM,0.7161,0.726,20
Mouse,ONT cDNA,Gene,Kallisto,TPM,0.7135,0.7213,20
Mouse,ONT cDNA,Gene,FLAIR,TPM,0.6717,0.6708,20
Mouse,ONT cDNA,Gene,IsoQuant,TPM,0.5962,0.6053,20
Mouse,ONT cDNA,Transcript,bambu,CPM,0.6737,0.6835,20
Mouse,ONT cDNA,Transcript,FLAIR,CPM,0.6608,0.6678,20
Mouse,ONT cDNA,Transcript,Kallisto,CPM,0.6553,0.6667,20
Mouse,ONT cDNA,Transcript,Oarfish,CPM,0.6544,0.669,20
Mouse,ONT cDNA,Transcript,IsoQuant,CPM,0.6277,0.6394,20
Mouse,ONT cDNA,Transcript,Oarfish,CQN,0.6573,0.6556,20
Mouse,ONT cDNA,Transcript,Kallisto,CQN,0.6494,0.654,20
Mouse,ONT cDNA,Transcript,bambu,CQN,0.6491,0.6513,20
Mouse,ONT cDNA,Transcript,FLAIR,CQN,0.6466,0.6584,20
Mouse,ONT cDNA,Transcript,IsoQuant,CQN,0.6121,0.6122,20
Mouse,ONT cDNA,Transcript,FLAIR,EDASeq,0.6547,0.6623,20
Mouse,ONT cDNA,Transcript,Oarfish,EDASeq,0.642,0.6358,20
Mouse,ONT cDNA,Transcript,IsoQuant,EDASeq,0.6418,0.6488,20
Mouse,ONT cDNA,Transcript,bambu,EDASeq,0.6232,0.6212,20
Mouse,ONT cDNA,Transcript,Kallisto,EDASeq,0.5994,0.6009,20
Mouse,ONT cDNA,Transcript,Kallisto,SMR,0.6462,0.6347,20
Mouse,ONT cDNA,Transcript,bambu,SMR,0.6314,0.6161,20
Mouse,ONT cDNA,Transcript,Oarfish,SMR,0.6218,0.6141,20
Mouse,ONT cDNA,Transcript,FLAIR,SMR,0.5477,0.5478,20
Mouse,ONT cDNA,Transcript,IsoQuant,SMR,0.532,0.5193,20
Mouse,ONT cDNA,Transcript,bambu,TPM,0.6593,0.6723,20
Mouse,ONT cDNA,Transcript,Oarfish,TPM,0.6481,0.6627,20
Mouse,ONT cDNA,Transcript,Kallisto,TPM,0.6421,0.6582,20
Mouse,ONT cDNA,Transcript,FLAIR,TPM,0.5992,0.6059,20
Mouse,ONT cDNA,Transcript,IsoQuant,TPM,0.5697,0.5775,20
Neuron,Kinnex,Gene,Oarfish,CPM,0.768,0.7712,6
Neuron,Kinnex,Gene,FLAIR,CPM,0.7519,0.7492,6
Neuron,Kinnex,Gene,bambu,CPM,0.7327,0.7371,6
Neuron,Kinnex,Gene,Kallisto,CPM,0.7017,0.7072,6
Neuron,Kinnex,Gene,IsoQuant,CPM,0.6465,0.6469,6
Neuron,Kinnex,Gene,Oarfish,CQN,0.7747,0.7758,6
Neuron,Kinnex,Gene,FLAIR,CQN,0.7563,0.756,6
Neuron,Kinnex,Gene,bambu,CQN,0.7544,0.7567,6
Neuron,Kinnex,Gene,Kallisto,CQN,0.726,0.729,6
Neuron,Kinnex,Gene,IsoQuant,CQN,0.6396,0.6394,6
Neuron,Kinnex,Gene,Oarfish,EDASeq,0.7851,0.7858,6
Neuron,Kinnex,Gene,FLAIR,EDASeq,0.774,0.7716,6
Neuron,Kinnex,Gene,bambu,EDASeq,0.7418,0.7407,6
Neuron,Kinnex,Gene,Kallisto,EDASeq,0.7217,0.7218,6
Neuron,Kinnex,Gene,IsoQuant,EDASeq,0.6596,0.6581,6
Neuron,Kinnex,Gene,Oarfish,SMR,0.664,0.6412,6
Neuron,Kinnex,Gene,FLAIR,SMR,0.6004,0.5978,6
Neuron,Kinnex,Gene,bambu,SMR,0.5698,0.5659,6
Neuron,Kinnex,Gene,Kallisto,SMR,0.5642,0.5525,6
Neuron,Kinnex,Gene,IsoQuant,SMR,0.3694,0.3778,6
Neuron,Kinnex,Gene,Oarfish,TPM,0.8207,0.82,6
Neuron,Kinnex,Gene,bambu,TPM,0.797,0.797,6
Neuron,Kinnex,Gene,FLAIR,TPM,0.7911,0.7883,6
Neuron,Kinnex,Gene,Kallisto,TPM,0.7797,0.7814,6
Neuron,Kinnex,Gene,IsoQuant,TPM,0.6865,0.6853,6
Neuron,Kinnex,Transcript,IsoQuant,CPM,0.6343,0.637,6
Neuron,Kinnex,Transcript,Oarfish,CPM,0.6248,0.6308,6
Neuron,Kinnex,Transcript,bambu,CPM,0.6155,0.62,6
Neuron,Kinnex,Transcript,Kallisto,CPM,0.5955,0.6015,6
Neuron,Kinnex,Transcript,FLAIR,CPM,0.5881,0.5897,6
Neuron,Kinnex,Transcript,bambu,CQN,0.6306,0.6306,6
Neuron,Kinnex,Transcript,Oarfish,CQN,0.6251,0.6245,6
Neuron,Kinnex,Transcript,Kallisto,CQN,0.6163,0.6177,6
Neuron,Kinnex,Transcript,IsoQuant,CQN,0.6158,0.6154,6
Neuron,Kinnex,Transcript,FLAIR,CQN,0.5874,0.5888,6
Neuron,Kinnex,Transcript,IsoQuant,EDASeq,0.6523,0.6501,6
Neuron,Kinnex,Transcript,Oarfish,EDASeq,0.6412,0.6436,6
Neuron,Kinnex,Transcript,FLAIR,EDASeq,0.6209,0.6178,6
Neuron,Kinnex,Transcript,bambu,EDASeq,0.6203,0.6209,6
Neuron,Kinnex,Transcript,Kallisto,EDASeq,0.6134,0.6138,6
Neuron,Kinnex,Transcript,Oarfish,SMR,0.483,0.4791,6
Neuron,Kinnex,Transcript,bambu,SMR,0.4436,0.438,6
Neuron,Kinnex,Transcript,FLAIR,SMR,0.4254,0.4186,6
Neuron,Kinnex,Transcript,Kallisto,SMR,0.4177,0.4127,6
Neuron,Kinnex,Transcript,IsoQuant,SMR,0.4115,0.404,6
Neuron,Kinnex,Transcript,Oarfish,TPM,0.7046,0.7059,6
Neuron,Kinnex,Transcript,bambu,TPM,0.7013,0.7011,6
Neuron,Kinnex,Transcript,Kallisto,TPM,0.677,0.6782,6
Neuron,Kinnex,Transcript,IsoQuant,TPM,0.6746,0.6729,6
Neuron,Kinnex,Transcript,FLAIR,TPM,0.6388,0.636,6
Neuron,ONT cDNA,Gene,Oarfish,CPM,0.8248,0.8243,6
Neuron,ONT cDNA,Gene,Kallisto,CPM,0.8121,0.8118,6
Neuron,ONT cDNA,Gene,FLAIR,CPM,0.7924,0.7918,6
Neuron,ONT cDNA,Gene,bambu,CPM,0.7903,0.7899,6
Neuron,ONT cDNA,Gene,IsoQuant,CPM,0.672,0.6729,6
Neuron,ONT cDNA,Gene,Oarfish,CQN,0.8486,0.8477,6
Neuron,ONT cDNA,Gene,Kallisto,CQN,0.8376,0.8367,6
Neuron,ONT cDNA,Gene,bambu,CQN,0.8276,0.8264,6
Neuron,ONT cDNA,Gene,FLAIR,CQN,0.7988,0.797,6
Neuron,ONT cDNA,Gene,IsoQuant,CQN,0.6794,0.6777,6
Neuron,ONT cDNA,Gene,Oarfish,EDASeq,0.8418,0.8414,6
Neuron,ONT cDNA,Gene,Kallisto,EDASeq,0.8289,0.8283,6
Neuron,ONT cDNA,Gene,bambu,EDASeq,0.8169,0.8168,6
Neuron,ONT cDNA,Gene,FLAIR,EDASeq,0.7872,0.785,6
Neuron,ONT cDNA,Gene,IsoQuant,EDASeq,0.6946,0.6934,6
Neuron,ONT cDNA,Gene,Oarfish,SMR,0.6037,0.5979,6
Neuron,ONT cDNA,Gene,Kallisto,SMR,0.5623,0.5531,6
Neuron,ONT cDNA,Gene,FLAIR,SMR,0.5194,0.5116,6
Neuron,ONT cDNA,Gene,bambu,SMR,0.5135,0.503,6
Neuron,ONT cDNA,Gene,IsoQuant,SMR,0.3267,0.3298,6
Neuron,ONT cDNA,Gene,Oarfish,TPM,0.7283,0.7268,6
Neuron,ONT cDNA,Gene,FLAIR,TPM,0.7098,0.7094,6
Neuron,ONT cDNA,Gene,Kallisto,TPM,0.7081,0.7071,6
Neuron,ONT cDNA,Gene,bambu,TPM,0.6798,0.6786,6
Neuron,ONT cDNA,Gene,IsoQuant,TPM,0.5739,0.5742,6
Neuron,ONT cDNA,Transcript,Kallisto,CPM,0.6888,0.6881,6
Neuron,ONT cDNA,Transcript,Oarfish,CPM,0.6555,0.6558,6
Neuron,ONT cDNA,Transcript,bambu,CPM,0.6513,0.6511,6
Neuron,ONT cDNA,Transcript,IsoQuant,CPM,0.6073,0.6095,6
Neuron,ONT cDNA,Transcript,FLAIR,CPM,0.5995,0.6012,6
Neuron,ONT cDNA,Transcript,Kallisto,CQN,0.6947,0.6939,6
Neuron,ONT cDNA,Transcript,bambu,CQN,0.6627,0.6619,6
Neuron,ONT cDNA,Transcript,Oarfish,CQN,0.6585,0.6587,6
Neuron,ONT cDNA,Transcript,IsoQuant,CQN,0.6011,0.5999,6
Neuron,ONT cDNA,Transcript,FLAIR,CQN,0.5876,0.589,6
Neuron,ONT cDNA,Transcript,Kallisto,EDASeq,0.6933,0.6923,6
Neuron,ONT cDNA,Transcript,bambu,EDASeq,0.6578,0.6577,6
Neuron,ONT cDNA,Transcript,Oarfish,EDASeq,0.654,0.6548,6
Neuron,ONT cDNA,Transcript,IsoQuant,EDASeq,0.6362,0.6358,6
Neuron,ONT cDNA,Transcript,FLAIR,EDASeq,0.5927,0.5939,6
Neuron,ONT cDNA,Transcript,Kallisto,SMR,0.4554,0.4498,6
Neuron,ONT cDNA,Transcript,Oarfish,SMR,0.427,0.4262,6
Neuron,ONT cDNA,Transcript,bambu,SMR,0.4048,0.403,6
Neuron,ONT cDNA,Transcript,FLAIR,SMR,0.3759,0.3817,6
Neuron,ONT cDNA,Transcript,IsoQuant,SMR,0.3356,0.3406,6
Neuron,ONT cDNA,Transcript,Kallisto,TPM,0.6215,0.6201,6
Neuron,ONT cDNA,Transcript,Oarfish,TPM,0.6052,0.6047,6
Neuron,ONT cDNA,Transcript,bambu,TPM,0.5904,0.5895,6
Neuron,ONT cDNA,Transcript,FLAIR,TPM,0.5339,0.535,6
Neuron,ONT cDNA,Transcript,IsoQuant,TPM,0.4998,0.5013,6
