Dataset,Tech,Level,Tool,Correlation
LongBench,Kinnex,Gene,Oarfish,0.8584805096877435
LongBench,Kinnex,Gene,bambu,0.83740994718229
LongBench,Kinnex,Gene,FLAIR,0.8329322528929045
LongBench,Kinnex,Gene,Kallisto,0.8257778370413524
LongBench,Kinnex,Gene,IsoQuant,0.662533468126886
LongBench,Kinnex,Transcript,Oarfish,0.7014938784387894
LongBench,Kinnex,Transcript,Kallisto,0.696319938617163
LongBench,Kinnex,Transcript,bambu,0.6934545563005046
LongBench,Kinnex,Transcript,FLAIR,0.6509022034477541
LongBench,Kinnex,Transcript,IsoQuant,0.62122189796242
LongBench,ONT cDNA,Gene,Oarfish,0.7819625430375481
LongBench,ONT cDNA,Gene,Kallisto,0.7813919785670744
LongBench,ONT cDNA,Gene,bambu,0.7651585443460349
LongBench,ONT cDNA,Gene,FLAIR,0.7385175492630589
LongBench,ONT cDNA,Gene,IsoQuant,0.644642616330575
LongBench,ONT cDNA,Transcript,Kallisto,0.7090976814307695
LongBench,ONT cDNA,Transcript,bambu,0.669117251367501
LongBench,ONT cDNA,Transcript,Oarfish,0.6601070065103409
LongBench,ONT cDNA,Transcript,IsoQuant,0.626822201586933
LongBench,ONT cDNA,Transcript,FLAIR,0.6009311681191065
LongBench,ONT dRNA,Gene,Oarfish,0.9227100455019299
LongBench,ONT dRNA,Gene,bambu,0.9128569570756555
LongBench,ONT dRNA,Gene,FLAIR,0.9076638406454229
LongBench,ONT dRNA,Gene,Kallisto,0.8954712690096756
LongBench,ONT dRNA,Gene,IsoQuant,0.8268955559418635
LongBench,ONT dRNA,Transcript,Kallisto,0.79611404585811
LongBench,ONT dRNA,Transcript,IsoQuant,0.782180174165828
LongBench,ONT dRNA,Transcript,Oarfish,0.771642179666385
LongBench,ONT dRNA,Transcript,bambu,0.7680808724506305
LongBench,ONT dRNA,Transcript,FLAIR,0.7110582150285609
Mouse,Iso-Seq,Gene,Oarfish,0.7622494714326931
Mouse,Iso-Seq,Gene,bambu,0.7436532556842954
Mouse,Iso-Seq,Gene,FLAIR,0.742462302470168
Mouse,Iso-Seq,Gene,Kallisto,0.7043925522534196
Mouse,Iso-Seq,Gene,IsoQuant,0.6835077891500835
Mouse,Iso-Seq,Transcript,Oarfish,0.7132774382923626
Mouse,Iso-Seq,Transcript,bambu,0.6994233456234245
Mouse,Iso-Seq,Transcript,FLAIR,0.6849462923709795
Mouse,Iso-Seq,Transcript,IsoQuant,0.675535272290035
Mouse,Iso-Seq,Transcript,Kallisto,0.668595120490865
Mouse,Kinnex,Gene,Oarfish,0.889919592284381
Mouse,Kinnex,Gene,FLAIR,0.8876954223148426
Mouse,Kinnex,Gene,bambu,0.8740429168243845
Mouse,Kinnex,Gene,Kallisto,0.8570820710497205
Mouse,Kinnex,Gene,IsoQuant,0.8219430692709679
Mouse,Kinnex,Transcript,Oarfish,0.746164260461909
Mouse,Kinnex,Transcript,IsoQuant,0.7358730842217724
Mouse,Kinnex,Transcript,FLAIR,0.7299059638586956
Mouse,Kinnex,Transcript,Kallisto,0.7222161265320131
Mouse,Kinnex,Transcript,bambu,0.7172299828702611
Mouse,ONT cDNA,Gene,FLAIR,0.8004650326405645
Mouse,ONT cDNA,Gene,bambu,0.7830492385479131
Mouse,ONT cDNA,Gene,Oarfish,0.7614316565592749
Mouse,ONT cDNA,Gene,Kallisto,0.7508091653916604
Mouse,ONT cDNA,Gene,IsoQuant,0.667482759939331
Mouse,ONT cDNA,Transcript,bambu,0.6541791070445555
Mouse,ONT cDNA,Transcript,FLAIR,0.6502722533916635
Mouse,ONT cDNA,Transcript,Oarfish,0.650097119004166
Mouse,ONT cDNA,Transcript,Kallisto,0.6385893157267475
Mouse,ONT cDNA,Transcript,IsoQuant,0.623427442182575
Neuron,Kinnex,Gene,Oarfish,0.782128205683066
Neuron,Kinnex,Gene,FLAIR,0.759928952404568
Neuron,Kinnex,Gene,bambu,0.741766707281456
Neuron,Kinnex,Gene,Kallisto,0.717166068154427
Neuron,Kinnex,Gene,IsoQuant,0.653178778016692
Neuron,Kinnex,Transcript,IsoQuant,0.6448786633842695
Neuron,Kinnex,Transcript,Oarfish,0.641235996979606
Neuron,Kinnex,Transcript,bambu,0.6202862661389266
Neuron,Kinnex,Transcript,Kallisto,0.613431417472711
Neuron,Kinnex,Transcript,FLAIR,0.606648963689941
Neuron,ONT cDNA,Gene,Oarfish,0.8296414414059594
Neuron,ONT cDNA,Gene,Kallisto,0.8185723930389555
Neuron,ONT cDNA,Gene,bambu,0.8004490645512645
Neuron,ONT cDNA,Gene,FLAIR,0.789380588699272
Neuron,ONT cDNA,Gene,IsoQuant,0.6727466692997746
Neuron,ONT cDNA,Transcript,Kallisto,0.689228850306493
Neuron,ONT cDNA,Transcript,Oarfish,0.652851489577951
Neuron,ONT cDNA,Transcript,bambu,0.6513403931951345
Neuron,ONT cDNA,Transcript,IsoQuant,0.6073056036173134
Neuron,ONT cDNA,Transcript,FLAIR,0.5944117727392875
