"Dataset","Factor","Sum_Sq","Mean_Sq","NumDF","DenDF","F_value","P_value","R2_marginal","R2_conditional","P_value_formatted"
"Mouse","Tool",0.4257,0.1064,4,1163,20.2,4.20299546582991e-16,0.5249,0.7382,"4.203e-16"
"Mouse","Normalization",6.0434,1.5109,4,1163,286.82,1.34229117117459e-171,0.5249,0.7382,"< 2.2e-16"
"Mouse","Technology",2.5818,1.2909,2,1167.7,245.06,1.36171360016078e-89,0.5249,0.7382,"< 2.2e-16"
"Mouse","Tool:Normalization",0.8379,0.0524,16,1163,9.94,7.9122912777242e-24,0.5249,0.7382,"< 2.2e-16"
"Mouse","Tool:Technology",0.3077,0.0385,8,1163,7.3,1.68633746064949e-09,0.5249,0.7382,"1.686e-09"
"Mouse","Normalization:Technology",2.6416,0.3302,8,1163,62.69,2.64966350179315e-85,0.5249,0.7382,"< 2.2e-16"
"LongBench","Tool",1.5237,0.3809,4,392,535.48,2.30727274403624e-157,0.9024,0.9621,"< 2.2e-16"
"LongBench","Normalization",0.6658,0.1665,4,392,233.99,1.91608242766698e-102,0.9024,0.9621,"< 2.2e-16"
"LongBench","Technology",0.1081,0.054,2,15,75.97,1.41708203487495e-08,0.9024,0.9621,"1.417e-08"
"LongBench","Tool:Normalization",0.1924,0.012,16,392,16.9,1.10355715487273e-35,0.9024,0.9621,"< 2.2e-16"
"LongBench","Tool:Technology",0.4221,0.0528,8,392,74.16,1.0025267448964e-73,0.9024,0.9621,"< 2.2e-16"
"LongBench","Normalization:Technology",0.4398,0.055,8,392,77.28,7.75953531563407e-76,0.9024,0.9621,"< 2.2e-16"
"iNeuron","Tool",0.3273,0.0818,4,261,153.07,3.2850623248027e-67,0.9432,0.9729,"< 2.2e-16"
"iNeuron","Normalization",4.3231,1.0808,4,261,2022.06,5.03330809139353e-195,0.9432,0.9729,"< 2.2e-16"
"iNeuron","Technology",0.0168,0.0168,1,261,31.5,5.07613282744573e-08,0.9432,0.9729,"5.076e-08"
"iNeuron","Tool:Normalization",0.0708,0.0044,16,261,8.28,4.75873187583708e-16,0.9432,0.9729,"4.759e-16"
"iNeuron","Tool:Technology",0.2319,0.058,4,261,108.45,2.65676147615396e-54,0.9432,0.9729,"< 2.2e-16"
"iNeuron","Normalization:Technology",0.5881,0.147,4,261,275.07,2.62122922221634e-92,0.9432,0.9729,"< 2.2e-16"
