"Tool","Normalization","Condition","Sample","Correlation","N_Transcripts","LengthQuantile"
"bambu","CPM","E3","E31",0.649143121684647,34478,"All"
"bambu","CPM","E3","E32",0.648503464421522,34823,"All"
"bambu","CPM","E3","E33",0.616064867197861,34648,"All"
"bambu","CPM","isoB11","isoB111",0.581522511995044,34642,"All"
"bambu","CPM","isoB11","isoB112",0.615028750361297,35125,"All"
"bambu","CPM","isoB11","isoB113",0.609951334466039,34817,"All"
"bambu","EDA","E3","E31",0.635507194871624,34478,"All"
"bambu","EDA","E3","E32",0.631066920782698,34823,"All"
"bambu","EDA","E3","E33",0.617236501975549,34648,"All"
"bambu","EDA","isoB11","isoB111",0.601062115508117,34642,"All"
"bambu","EDA","isoB11","isoB112",0.621087264356637,35125,"All"
"bambu","EDA","isoB11","isoB113",0.619485267921216,34817,"All"
"bambu","TPM","E3","E31",0.713850141777002,34478,"All"
"bambu","TPM","E3","E32",0.71585246857477,34823,"All"
"bambu","TPM","E3","E33",0.700802276981616,34648,"All"
"bambu","TPM","isoB11","isoB111",0.678866632389135,34642,"All"
"bambu","TPM","isoB11","isoB112",0.701820310253903,35125,"All"
"bambu","TPM","isoB11","isoB113",0.695258533273915,34817,"All"
"bambu","cqn","E3","E31",0.645891386261637,34922,"All"
"bambu","cqn","E3","E32",0.63309037279246,35252,"All"
"bambu","cqn","E3","E33",0.630058405614135,34978,"All"
"bambu","cqn","isoB11","isoB111",0.614066919584218,34929,"All"
"bambu","cqn","isoB11","isoB112",0.629391173336995,35301,"All"
"bambu","cqn","isoB11","isoB113",0.631148234218122,35051,"All"
"bambu","ratio_counts","E3","E31",0.474555660306218,34478,"All"
"bambu","ratio_counts","E3","E32",0.493816311886484,34823,"All"
"bambu","ratio_counts","E3","E33",0.443153344840515,34648,"All"
"bambu","ratio_counts","isoB11","isoB111",0.336807735804669,34642,"All"
"bambu","ratio_counts","isoB11","isoB112",0.435372397314261,35125,"All"
"bambu","ratio_counts","isoB11","isoB113",0.444026239992292,34817,"All"
"flair","CPM","E3","E31",0.60682726503504,31560,"All"
"flair","CPM","E3","E32",0.612452029641794,31912,"All"
"flair","CPM","E3","E33",0.580506005632167,31598,"All"
"flair","CPM","isoB11","isoB111",0.562487331749553,31654,"All"
"flair","CPM","isoB11","isoB112",0.595620471521549,32084,"All"
"flair","CPM","isoB11","isoB113",0.580498799438272,31823,"All"
"flair","EDA","E3","E31",0.631757679415813,31560,"All"
"flair","EDA","E3","E32",0.63123394349147,31912,"All"
"flair","EDA","E3","E33",0.616239005473609,31598,"All"
"flair","EDA","isoB11","isoB111",0.59532852033254,31654,"All"
"flair","EDA","isoB11","isoB112",0.62547131702129,32084,"All"
"flair","EDA","isoB11","isoB113",0.606470662344842,31823,"All"
"flair","TPM","E3","E31",0.644950970401622,31560,"All"
"flair","TPM","E3","E32",0.648704024756356,31912,"All"
"flair","TPM","E3","E33",0.633137103816315,31598,"All"
"flair","TPM","isoB11","isoB111",0.6173666151,31654,"All"
"flair","TPM","isoB11","isoB112",0.644417885010108,32084,"All"
"flair","TPM","isoB11","isoB113",0.627444637374126,31823,"All"
"flair","cqn","E3","E31",0.590121185179684,32633,"All"
"flair","cqn","E3","E32",0.584287737558805,33032,"All"
"flair","cqn","E3","E33",0.583382202798997,32687,"All"
"flair","cqn","isoB11","isoB111",0.584711368001435,32602,"All"
"flair","cqn","isoB11","isoB112",0.598721417818671,33018,"All"
"flair","cqn","isoB11","isoB113",0.59135798052546,32764,"All"
"flair","ratio_counts","E3","E31",0.430606418529755,31560,"All"
"flair","ratio_counts","E3","E32",0.460615847295237,31912,"All"
"flair","ratio_counts","E3","E33",0.420179317996083,31598,"All"
"flair","ratio_counts","isoB11","isoB111",0.343186519619883,31654,"All"
"flair","ratio_counts","isoB11","isoB112",0.437981712863334,32084,"All"
"flair","ratio_counts","isoB11","isoB113",0.419061862290589,31823,"All"
"isoquant","CPM","E3","E31",0.655603582433737,20439,"All"
"isoquant","CPM","E3","E32",0.662474033695288,20615,"All"
"isoquant","CPM","E3","E33",0.630946939943322,20507,"All"
"isoquant","CPM","isoB11","isoB111",0.609488491297063,20590,"All"
"isoquant","CPM","isoB11","isoB112",0.637598964492172,20800,"All"
"isoquant","CPM","isoB11","isoB113",0.626018581123311,20697,"All"
"isoquant","EDA","E3","E31",0.658932072662172,20439,"All"
"isoquant","EDA","E3","E32",0.662765545120096,20615,"All"
"isoquant","EDA","E3","E33",0.649601608013536,20507,"All"
"isoquant","EDA","isoB11","isoB111",0.634162666542094,20590,"All"
"isoquant","EDA","isoB11","isoB112",0.654922690355713,20800,"All"
"isoquant","EDA","isoB11","isoB113",0.640155718755003,20697,"All"
"isoquant","TPM","E3","E31",0.681697096260451,20439,"All"
"isoquant","TPM","E3","E32",0.684699863425348,20615,"All"
"isoquant","TPM","E3","E33",0.66986096646005,20507,"All"
"isoquant","TPM","isoB11","isoB111",0.656767247147644,20590,"All"
"isoquant","TPM","isoB11","isoB112",0.67942692604077,20800,"All"
"isoquant","TPM","isoB11","isoB113",0.664811206476195,20697,"All"
"isoquant","cqn","E3","E31",0.615808608589128,21815,"All"
"isoquant","cqn","E3","E32",0.618204679498927,21989,"All"
"isoquant","cqn","E3","E33",0.615865609307145,21861,"All"
"isoquant","cqn","isoB11","isoB111",0.607995572955224,21797,"All"
"isoquant","cqn","isoB11","isoB112",0.6199641608365,22005,"All"
"isoquant","cqn","isoB11","isoB113",0.614543317272855,21882,"All"
"isoquant","ratio_counts","E3","E31",0.406017427753306,20439,"All"
"isoquant","ratio_counts","E3","E32",0.440405195372611,20615,"All"
"isoquant","ratio_counts","E3","E33",0.407411332429699,20507,"All"
"isoquant","ratio_counts","isoB11","isoB111",0.338311945414938,20590,"All"
"isoquant","ratio_counts","isoB11","isoB112",0.416586696761247,20800,"All"
"isoquant","ratio_counts","isoB11","isoB113",0.415492986124391,20697,"All"
"kallisto","CPM","E3","E31",0.635631741533851,33069,"All"
"kallisto","CPM","E3","E32",0.625715409246619,33329,"All"
"kallisto","CPM","E3","E33",0.591112797196048,33149,"All"
"kallisto","CPM","isoB11","isoB111",0.565616897932176,33150,"All"
"kallisto","CPM","isoB11","isoB112",0.598932532177319,33491,"All"
"kallisto","CPM","isoB11","isoB113",0.592070354247269,33323,"All"
"kallisto","EDA","E3","E31",0.635039485054389,33069,"All"
"kallisto","EDA","E3","E32",0.619827450984585,33329,"All"
"kallisto","EDA","E3","E33",0.605782047752329,33149,"All"
"kallisto","EDA","isoB11","isoB111",0.595139475494353,33150,"All"
"kallisto","EDA","isoB11","isoB112",0.616495778674442,33491,"All"
"kallisto","EDA","isoB11","isoB113",0.61036705627098,33323,"All"
"kallisto","TPM","E3","E31",0.695396325435854,33069,"All"
"kallisto","TPM","E3","E32",0.689618706776258,33329,"All"
"kallisto","TPM","E3","E33",0.673187789191059,33149,"All"
"kallisto","TPM","isoB11","isoB111",0.658108733822325,33150,"All"
"kallisto","TPM","isoB11","isoB112",0.680911002169023,33491,"All"
"kallisto","TPM","isoB11","isoB113",0.671966686201517,33323,"All"
"kallisto","cqn","E3","E31",0.637483425184949,33255,"All"
"kallisto","cqn","E3","E32",0.615479002627281,33534,"All"
"kallisto","cqn","E3","E33",0.611601814382445,33315,"All"
"kallisto","cqn","isoB11","isoB111",0.606456981248329,33256,"All"
"kallisto","cqn","isoB11","isoB112",0.617783759501511,33561,"All"
"kallisto","cqn","isoB11","isoB113",0.617195153021075,33405,"All"
"kallisto","ratio_counts","E3","E31",0.452557048438737,33069,"All"
"kallisto","ratio_counts","E3","E32",0.460263935279143,33329,"All"
"kallisto","ratio_counts","E3","E33",0.403904073470711,33149,"All"
"kallisto","ratio_counts","isoB11","isoB111",0.324123059440388,33150,"All"
"kallisto","ratio_counts","isoB11","isoB112",0.415324541258392,33491,"All"
"kallisto","ratio_counts","isoB11","isoB113",0.41999261843991,33323,"All"
"oarfish","CPM","E3","E31",0.664270651538365,44333,"All"
"oarfish","CPM","E3","E32",0.659597863862684,44867,"All"
"oarfish","CPM","E3","E33",0.621244195786131,44510,"All"
"oarfish","CPM","isoB11","isoB111",0.590771938814315,44531,"All"
"oarfish","CPM","isoB11","isoB112",0.628282129936043,45164,"All"
"oarfish","CPM","isoB11","isoB113",0.620666987888443,44772,"All"
"oarfish","EDA","E3","E31",0.669962216577123,44333,"All"
"oarfish","EDA","E3","E32",0.658862681360899,44867,"All"
"oarfish","EDA","E3","E33",0.635002817973011,44510,"All"
"oarfish","EDA","isoB11","isoB111",0.615326010131018,44531,"All"
"oarfish","EDA","isoB11","isoB112",0.643668445672822,45164,"All"
"oarfish","EDA","isoB11","isoB113",0.63880354828639,44772,"All"
"oarfish","TPM","E3","E31",0.722896665908439,44333,"All"
"oarfish","TPM","E3","E32",0.721316040931432,44867,"All"
"oarfish","TPM","E3","E33",0.700818495557658,44510,"All"
"oarfish","TPM","isoB11","isoB111",0.68199332713441,44531,"All"
"oarfish","TPM","isoB11","isoB112",0.708352773148741,45164,"All"
"oarfish","TPM","isoB11","isoB113",0.700025910436875,44772,"All"
"oarfish","cqn","E3","E31",0.645357059205646,44839,"All"
"oarfish","cqn","E3","E32",0.628787471445219,45349,"All"
"oarfish","cqn","E3","E33",0.617123664740668,44889,"All"
"oarfish","cqn","isoB11","isoB111",0.605191269081035,44819,"All"
"oarfish","cqn","isoB11","isoB112",0.622956756921863,45392,"All"
"oarfish","cqn","isoB11","isoB113",0.627290761904875,44991,"All"
"oarfish","ratio_counts","E3","E31",0.522447562448839,44333,"All"
"oarfish","ratio_counts","E3","E32",0.535684805573835,44867,"All"
"oarfish","ratio_counts","E3","E33",0.480172302001125,44510,"All"
"oarfish","ratio_counts","isoB11","isoB111",0.370764150509871,44531,"All"
"oarfish","ratio_counts","isoB11","isoB112",0.479565740566694,45164,"All"
"oarfish","ratio_counts","isoB11","isoB113",0.48580732740706,44772,"All"
"bambu","CPM","E3","E31",0.581816656248872,3376,"0-1.5k"
"bambu","CPM","E3","E31",0.715993398808777,10450,"1.5k-3k"
"bambu","CPM","E3","E31",0.706283936349329,8176,"3k-4.5k"
"bambu","CPM","E3","E31",0.632520019611059,12476,">4.5k"
"bambu","CPM","E3","E32",0.570898714565069,3401,"0-1.5k"
"bambu","CPM","E3","E32",0.720383648933937,10576,"1.5k-3k"
"bambu","CPM","E3","E32",0.711409024236924,8261,"3k-4.5k"
"bambu","CPM","E3","E32",0.608477796108602,12585,">4.5k"
"bambu","CPM","E3","E33",0.554522859352486,3389,"0-1.5k"
"bambu","CPM","E3","E33",0.701290131098777,10481,"1.5k-3k"
"bambu","CPM","E3","E33",0.704064728150524,8232,"3k-4.5k"
"bambu","CPM","E3","E33",0.596834638952579,12546,">4.5k"
"bambu","CPM","isoB11","isoB111",0.551488942663546,3388,"0-1.5k"
"bambu","CPM","isoB11","isoB111",0.692474824732519,10480,"1.5k-3k"
"bambu","CPM","isoB11","isoB111",0.678941406737009,8210,"3k-4.5k"
"bambu","CPM","isoB11","isoB111",0.554776761371467,12564,">4.5k"
"bambu","CPM","isoB11","isoB112",0.570001913696907,3416,"0-1.5k"
"bambu","CPM","isoB11","isoB112",0.709814895742776,10629,"1.5k-3k"
"bambu","CPM","isoB11","isoB112",0.70254296245869,8355,"3k-4.5k"
"bambu","CPM","isoB11","isoB112",0.585575802818376,12725,">4.5k"
"bambu","CPM","isoB11","isoB113",0.561836275074478,3405,"0-1.5k"
"bambu","CPM","isoB11","isoB113",0.701880435320484,10528,"1.5k-3k"
"bambu","CPM","isoB11","isoB113",0.697036952635613,8275,"3k-4.5k"
"bambu","CPM","isoB11","isoB113",0.584300855679302,12609,">4.5k"
"bambu","EDA","E3","E31",0.611568789879081,3376,"0-1.5k"
"bambu","EDA","E3","E31",0.714746282896403,10450,"1.5k-3k"
"bambu","EDA","E3","E31",0.706088334087266,8176,"3k-4.5k"
"bambu","EDA","E3","E31",0.616190659441299,12476,">4.5k"
"bambu","EDA","E3","E32",0.597405281378103,3401,"0-1.5k"
"bambu","EDA","E3","E32",0.718665949353851,10576,"1.5k-3k"
"bambu","EDA","E3","E32",0.711024098792977,8261,"3k-4.5k"
"bambu","EDA","E3","E32",0.604464892228758,12585,">4.5k"
"bambu","EDA","E3","E33",0.591852253634744,3389,"0-1.5k"
"bambu","EDA","E3","E33",0.701108214418947,10481,"1.5k-3k"
"bambu","EDA","E3","E33",0.703829539614244,8232,"3k-4.5k"
"bambu","EDA","E3","E33",0.595724698038329,12546,">4.5k"
"bambu","EDA","isoB11","isoB111",0.588812584586344,3388,"0-1.5k"
"bambu","EDA","isoB11","isoB111",0.693249769866173,10480,"1.5k-3k"
"bambu","EDA","isoB11","isoB111",0.678925784389653,8210,"3k-4.5k"
"bambu","EDA","isoB11","isoB111",0.567021196712835,12564,">4.5k"
"bambu","EDA","isoB11","isoB112",0.608460988378442,3416,"0-1.5k"
"bambu","EDA","isoB11","isoB112",0.709926140751841,10629,"1.5k-3k"
"bambu","EDA","isoB11","isoB112",0.702279927914153,8355,"3k-4.5k"
"bambu","EDA","isoB11","isoB112",0.587027307864061,12725,">4.5k"
"bambu","EDA","isoB11","isoB113",0.598271310789421,3405,"0-1.5k"
"bambu","EDA","isoB11","isoB113",0.70195215770768,10528,"1.5k-3k"
"bambu","EDA","isoB11","isoB113",0.696985490593506,8275,"3k-4.5k"
"bambu","EDA","isoB11","isoB113",0.587982776341234,12609,">4.5k"
"bambu","TPM","E3","E31",0.661129428094687,3376,"0-1.5k"
"bambu","TPM","E3","E31",0.717531201045725,10450,"1.5k-3k"
"bambu","TPM","E3","E31",0.706340127899633,8176,"3k-4.5k"
"bambu","TPM","E3","E31",0.671162503170234,12476,">4.5k"
"bambu","TPM","E3","E32",0.654381335810889,3401,"0-1.5k"
"bambu","TPM","E3","E32",0.721142368032067,10576,"1.5k-3k"
"bambu","TPM","E3","E32",0.710920283519088,8261,"3k-4.5k"
"bambu","TPM","E3","E32",0.659539950278218,12585,">4.5k"
"bambu","TPM","E3","E33",0.633613572646769,3389,"0-1.5k"
"bambu","TPM","E3","E33",0.704448047536044,10481,"1.5k-3k"
"bambu","TPM","E3","E33",0.704174176466443,8232,"3k-4.5k"
"bambu","TPM","E3","E33",0.650183722166384,12546,">4.5k"
"bambu","TPM","isoB11","isoB111",0.628190433950112,3388,"0-1.5k"
"bambu","TPM","isoB11","isoB111",0.695951043346656,10480,"1.5k-3k"
"bambu","TPM","isoB11","isoB111",0.679299443392769,8210,"3k-4.5k"
"bambu","TPM","isoB11","isoB111",0.614618912796176,12564,">4.5k"
"bambu","TPM","isoB11","isoB112",0.649740788111155,3416,"0-1.5k"
"bambu","TPM","isoB11","isoB112",0.712680584632499,10629,"1.5k-3k"
"bambu","TPM","isoB11","isoB112",0.702834319931203,8355,"3k-4.5k"
"bambu","TPM","isoB11","isoB112",0.642736050312941,12725,">4.5k"
"bambu","TPM","isoB11","isoB113",0.640210473128509,3405,"0-1.5k"
"bambu","TPM","isoB11","isoB113",0.704754416292513,10528,"1.5k-3k"
"bambu","TPM","isoB11","isoB113",0.69709907227979,8275,"3k-4.5k"
"bambu","TPM","isoB11","isoB113",0.639391575256226,12609,">4.5k"
"bambu","cqn","E3","E31",0.652548992293937,3406,"0-1.5k"
"bambu","cqn","E3","E31",0.723294029655621,10521,"1.5k-3k"
"bambu","cqn","E3","E31",0.712629902973513,8276,"3k-4.5k"
"bambu","cqn","E3","E31",0.622455310874715,12719,">4.5k"
"bambu","cqn","E3","E32",0.654853104947546,3429,"0-1.5k"
"bambu","cqn","E3","E32",0.724939322878592,10654,"1.5k-3k"
"bambu","cqn","E3","E32",0.713749981303738,8377,"3k-4.5k"
"bambu","cqn","E3","E32",0.601916208338549,12792,">4.5k"
"bambu","cqn","E3","E33",0.628818262157604,3417,"0-1.5k"
"bambu","cqn","E3","E33",0.714752486787755,10546,"1.5k-3k"
"bambu","cqn","E3","E33",0.715408915126481,8306,"3k-4.5k"
"bambu","cqn","E3","E33",0.60158793871733,12709,">4.5k"
"bambu","cqn","isoB11","isoB111",0.625719137907758,3411,"0-1.5k"
"bambu","cqn","isoB11","isoB111",0.70825897998707,10540,"1.5k-3k"
"bambu","cqn","isoB11","isoB111",0.691320718373523,8273,"3k-4.5k"
"bambu","cqn","isoB11","isoB111",0.57367123448784,12705,">4.5k"
"bambu","cqn","isoB11","isoB112",0.651044744563387,3431,"0-1.5k"
"bambu","cqn","isoB11","isoB112",0.720421016568903,10656,"1.5k-3k"
"bambu","cqn","isoB11","isoB112",0.710382060765255,8389,"3k-4.5k"
"bambu","cqn","isoB11","isoB112",0.589235124816886,12825,">4.5k"
"bambu","cqn","isoB11","isoB113",0.640031206443752,3421,"0-1.5k"
"bambu","cqn","isoB11","isoB113",0.716985385811387,10561,"1.5k-3k"
"bambu","cqn","isoB11","isoB113",0.711294077474807,8325,"3k-4.5k"
"bambu","cqn","isoB11","isoB113",0.594775813364991,12744,">4.5k"
"bambu","ratio_counts","E3","E31",0.559181215984989,3376,"0-1.5k"
"bambu","ratio_counts","E3","E31",0.553926599727262,10450,"1.5k-3k"
"bambu","ratio_counts","E3","E31",0.486289615652367,8176,"3k-4.5k"
"bambu","ratio_counts","E3","E31",0.414234999502237,12476,">4.5k"
"bambu","ratio_counts","E3","E32",0.54942139865378,3401,"0-1.5k"
"bambu","ratio_counts","E3","E32",0.584858441820701,10576,"1.5k-3k"
"bambu","ratio_counts","E3","E32",0.524903017762054,8261,"3k-4.5k"
"bambu","ratio_counts","E3","E32",0.40899369719237,12585,">4.5k"
"bambu","ratio_counts","E3","E33",0.491276424503716,3389,"0-1.5k"
"bambu","ratio_counts","E3","E33",0.530769126304389,10481,"1.5k-3k"
"bambu","ratio_counts","E3","E33",0.48511707055305,8232,"3k-4.5k"
"bambu","ratio_counts","E3","E33",0.351091695298941,12546,">4.5k"
"bambu","ratio_counts","isoB11","isoB111",0.425448907296891,3388,"0-1.5k"
"bambu","ratio_counts","isoB11","isoB111",0.430780204977291,10480,"1.5k-3k"
"bambu","ratio_counts","isoB11","isoB111",0.361052885738327,8210,"3k-4.5k"
"bambu","ratio_counts","isoB11","isoB111",0.218157846184247,12564,">4.5k"
"bambu","ratio_counts","isoB11","isoB112",0.535317966489891,3416,"0-1.5k"
"bambu","ratio_counts","isoB11","isoB112",0.520683248925679,10629,"1.5k-3k"
"bambu","ratio_counts","isoB11","isoB112",0.452788145661142,8355,"3k-4.5k"
"bambu","ratio_counts","isoB11","isoB112",0.333656523339486,12725,">4.5k"
"bambu","ratio_counts","isoB11","isoB113",0.542740250892374,3405,"0-1.5k"
"bambu","ratio_counts","isoB11","isoB113",0.526277180019291,10528,"1.5k-3k"
"bambu","ratio_counts","isoB11","isoB113",0.462611897557187,8275,"3k-4.5k"
"bambu","ratio_counts","isoB11","isoB113",0.338167680211772,12609,">4.5k"
"flair","CPM","E3","E31",0.5571336098276,3320,"0-1.5k"
"flair","CPM","E3","E31",0.684606605837193,10990,"1.5k-3k"
"flair","CPM","E3","E31",0.658313539489272,8227,"3k-4.5k"
"flair","CPM","E3","E31",0.541603067853049,9023,">4.5k"
"flair","CPM","E3","E32",0.56150884773352,3357,"0-1.5k"
"flair","CPM","E3","E32",0.690720006384467,11146,"1.5k-3k"
"flair","CPM","E3","E32",0.660956545565138,8329,"3k-4.5k"
"flair","CPM","E3","E32",0.530834689348599,9080,">4.5k"
"flair","CPM","E3","E33",0.532929273087685,3334,"0-1.5k"
"flair","CPM","E3","E33",0.670892969212952,11013,"1.5k-3k"
"flair","CPM","E3","E33",0.653003292530515,8245,"3k-4.5k"
"flair","CPM","E3","E33",0.528177660896559,9006,">4.5k"
"flair","CPM","isoB11","isoB111",0.523130862159273,3324,"0-1.5k"
"flair","CPM","isoB11","isoB111",0.661635351645986,10995,"1.5k-3k"
"flair","CPM","isoB11","isoB111",0.629679618466167,8298,"3k-4.5k"
"flair","CPM","isoB11","isoB111",0.506977284202393,9037,">4.5k"
"flair","CPM","isoB11","isoB112",0.547508916491693,3346,"0-1.5k"
"flair","CPM","isoB11","isoB112",0.686112859019283,11160,"1.5k-3k"
"flair","CPM","isoB11","isoB112",0.662404872482877,8437,"3k-4.5k"
"flair","CPM","isoB11","isoB112",0.537763329764222,9141,">4.5k"
"flair","CPM","isoB11","isoB113",0.541957063051857,3333,"0-1.5k"
"flair","CPM","isoB11","isoB113",0.670358251746389,11051,"1.5k-3k"
"flair","CPM","isoB11","isoB113",0.640383917247754,8345,"3k-4.5k"
"flair","CPM","isoB11","isoB113",0.519474223710611,9094,">4.5k"
"flair","EDA","E3","E31",0.56590059526035,3320,"0-1.5k"
"flair","EDA","E3","E31",0.686829821043712,10990,"1.5k-3k"
"flair","EDA","E3","E31",0.655927413665958,8227,"3k-4.5k"
"flair","EDA","E3","E31",0.552708695860826,9023,">4.5k"
"flair","EDA","E3","E32",0.55959330688719,3357,"0-1.5k"
"flair","EDA","E3","E32",0.69231381482652,11146,"1.5k-3k"
"flair","EDA","E3","E32",0.659105815390467,8329,"3k-4.5k"
"flair","EDA","E3","E32",0.544225300654092,9080,">4.5k"
"flair","EDA","E3","E33",0.553074133132851,3334,"0-1.5k"
"flair","EDA","E3","E33",0.674564344903874,11013,"1.5k-3k"
"flair","EDA","E3","E33",0.651683869988542,8245,"3k-4.5k"
"flair","EDA","E3","E33",0.541801162513997,9006,">4.5k"
"flair","EDA","isoB11","isoB111",0.537539606389034,3324,"0-1.5k"
"flair","EDA","isoB11","isoB111",0.664667681172422,10995,"1.5k-3k"
"flair","EDA","isoB11","isoB111",0.628212796211129,8298,"3k-4.5k"
"flair","EDA","isoB11","isoB111",0.521323114541322,9037,">4.5k"
"flair","EDA","isoB11","isoB112",0.555772776452266,3346,"0-1.5k"
"flair","EDA","isoB11","isoB112",0.689272921499616,11160,"1.5k-3k"
"flair","EDA","isoB11","isoB112",0.660529943241254,8437,"3k-4.5k"
"flair","EDA","isoB11","isoB112",0.55297867291638,9141,">4.5k"
"flair","EDA","isoB11","isoB113",0.547025582331637,3333,"0-1.5k"
"flair","EDA","isoB11","isoB113",0.672925945499389,11051,"1.5k-3k"
"flair","EDA","isoB11","isoB113",0.638327490175737,8345,"3k-4.5k"
"flair","EDA","isoB11","isoB113",0.53385553662473,9094,">4.5k"
"flair","TPM","E3","E31",0.641318749367604,3320,"0-1.5k"
"flair","TPM","E3","E31",0.686706035953898,10990,"1.5k-3k"
"flair","TPM","E3","E31",0.655608312329024,8227,"3k-4.5k"
"flair","TPM","E3","E31",0.563123616767755,9023,">4.5k"
"flair","TPM","E3","E32",0.644992014205738,3357,"0-1.5k"
"flair","TPM","E3","E32",0.69222949855997,11146,"1.5k-3k"
"flair","TPM","E3","E32",0.657921928823122,8329,"3k-4.5k"
"flair","TPM","E3","E32",0.553727422192205,9080,">4.5k"
"flair","TPM","E3","E33",0.615899632668751,3334,"0-1.5k"
"flair","TPM","E3","E33",0.675032252630419,11013,"1.5k-3k"
"flair","TPM","E3","E33",0.650570003446146,8245,"3k-4.5k"
"flair","TPM","E3","E33",0.552471510027539,9006,">4.5k"
"flair","TPM","isoB11","isoB111",0.607399950564095,3324,"0-1.5k"
"flair","TPM","isoB11","isoB111",0.665535399798975,10995,"1.5k-3k"
"flair","TPM","isoB11","isoB111",0.627294646420394,8298,"3k-4.5k"
"flair","TPM","isoB11","isoB111",0.530871143515814,9037,">4.5k"
"flair","TPM","isoB11","isoB112",0.631959470786747,3346,"0-1.5k"
"flair","TPM","isoB11","isoB112",0.689778971038881,11160,"1.5k-3k"
"flair","TPM","isoB11","isoB112",0.66029473467005,8437,"3k-4.5k"
"flair","TPM","isoB11","isoB112",0.562358576733912,9141,">4.5k"
"flair","TPM","isoB11","isoB113",0.623509187541116,3333,"0-1.5k"
"flair","TPM","isoB11","isoB113",0.673547196969818,11051,"1.5k-3k"
"flair","TPM","isoB11","isoB113",0.638014642055373,8345,"3k-4.5k"
"flair","TPM","isoB11","isoB113",0.542665390977108,9094,">4.5k"
"flair","cqn","E3","E31",0.575318340369804,3375,"0-1.5k"
"flair","cqn","E3","E31",0.669917243201148,11199,"1.5k-3k"
"flair","cqn","E3","E31",0.633378215128126,8532,"3k-4.5k"
"flair","cqn","E3","E31",0.526569228644371,9527,">4.5k"
"flair","cqn","E3","E32",0.565156757504636,3412,"0-1.5k"
"flair","cqn","E3","E32",0.669482160000598,11371,"1.5k-3k"
"flair","cqn","E3","E32",0.633974047375666,8651,"3k-4.5k"
"flair","cqn","E3","E32",0.518653431607492,9598,">4.5k"
"flair","cqn","E3","E33",0.563408297725005,3391,"0-1.5k"
"flair","cqn","E3","E33",0.661645048212851,11229,"1.5k-3k"
"flair","cqn","E3","E33",0.635815981327601,8561,"3k-4.5k"
"flair","cqn","E3","E33",0.526607834958653,9506,">4.5k"
"flair","cqn","isoB11","isoB111",0.582936741618836,3389,"0-1.5k"
"flair","cqn","isoB11","isoB111",0.659863393809446,11203,"1.5k-3k"
"flair","cqn","isoB11","isoB111",0.632855126938581,8524,"3k-4.5k"
"flair","cqn","isoB11","isoB111",0.521515341299391,9486,">4.5k"
"flair","cqn","isoB11","isoB112",0.582881450289503,3407,"0-1.5k"
"flair","cqn","isoB11","isoB112",0.672721864915408,11358,"1.5k-3k"
"flair","cqn","isoB11","isoB112",0.651686608358331,8661,"3k-4.5k"
"flair","cqn","isoB11","isoB112",0.537123796902434,9592,">4.5k"
"flair","cqn","isoB11","isoB113",0.578165770398319,3396,"0-1.5k"
"flair","cqn","isoB11","isoB113",0.665531696018399,11249,"1.5k-3k"
"flair","cqn","isoB11","isoB113",0.639461075946908,8570,"3k-4.5k"
"flair","cqn","isoB11","isoB113",0.527476531679563,9549,">4.5k"
"flair","ratio_counts","E3","E31",0.540119404272422,3320,"0-1.5k"
"flair","ratio_counts","E3","E31",0.518191884042821,10990,"1.5k-3k"
"flair","ratio_counts","E3","E31",0.442112894278868,8227,"3k-4.5k"
"flair","ratio_counts","E3","E31",0.315159250057144,9023,">4.5k"
"flair","ratio_counts","E3","E32",0.554830920351013,3357,"0-1.5k"
"flair","ratio_counts","E3","E32",0.564753932327084,11146,"1.5k-3k"
"flair","ratio_counts","E3","E32",0.481408504701206,8329,"3k-4.5k"
"flair","ratio_counts","E3","E32",0.310008282026265,9080,">4.5k"
"flair","ratio_counts","E3","E33",0.4798499930731,3334,"0-1.5k"
"flair","ratio_counts","E3","E33",0.518129232405016,11013,"1.5k-3k"
"flair","ratio_counts","E3","E33",0.435245774539546,8245,"3k-4.5k"
"flair","ratio_counts","E3","E33",0.280701594309317,9006,">4.5k"
"flair","ratio_counts","isoB11","isoB111",0.414269037818304,3324,"0-1.5k"
"flair","ratio_counts","isoB11","isoB111",0.42667255335827,10995,"1.5k-3k"
"flair","ratio_counts","isoB11","isoB111",0.330024894733801,8298,"3k-4.5k"
"flair","ratio_counts","isoB11","isoB111",0.213687456589963,9037,">4.5k"
"flair","ratio_counts","isoB11","isoB112",0.528538090052065,3346,"0-1.5k"
"flair","ratio_counts","isoB11","isoB112",0.523748367728256,11160,"1.5k-3k"
"flair","ratio_counts","isoB11","isoB112",0.450859301856783,8437,"3k-4.5k"
"flair","ratio_counts","isoB11","isoB112",0.301352611635213,9141,">4.5k"
"flair","ratio_counts","isoB11","isoB113",0.532153591770376,3333,"0-1.5k"
"flair","ratio_counts","isoB11","isoB113",0.501106986252852,11051,"1.5k-3k"
"flair","ratio_counts","isoB11","isoB113",0.421385117148542,8345,"3k-4.5k"
"flair","ratio_counts","isoB11","isoB113",0.282710043986961,9094,">4.5k"
"isoquant","CPM","E3","E31",0.520620933683964,2428,"0-1.5k"
"isoquant","CPM","E3","E31",0.718887240227455,8038,"1.5k-3k"
"isoquant","CPM","E3","E31",0.706666222790738,5491,"3k-4.5k"
"isoquant","CPM","E3","E31",0.600830175385167,4482,">4.5k"
"isoquant","CPM","E3","E32",0.513439062333283,2448,"0-1.5k"
"isoquant","CPM","E3","E32",0.722973591872237,8131,"1.5k-3k"
"isoquant","CPM","E3","E32",0.712207438921312,5533,"3k-4.5k"
"isoquant","CPM","E3","E32",0.595974978875551,4503,">4.5k"
"isoquant","CPM","E3","E33",0.505588407611871,2437,"0-1.5k"
"isoquant","CPM","E3","E33",0.710870189341751,8074,"1.5k-3k"
"isoquant","CPM","E3","E33",0.697824321351066,5502,"3k-4.5k"
"isoquant","CPM","E3","E33",0.599000632903653,4494,">4.5k"
"isoquant","CPM","isoB11","isoB111",0.478203315035153,2412,"0-1.5k"
"isoquant","CPM","isoB11","isoB111",0.699925760984177,8085,"1.5k-3k"
"isoquant","CPM","isoB11","isoB111",0.687435663423795,5500,"3k-4.5k"
"isoquant","CPM","isoB11","isoB111",0.557202557827824,4593,">4.5k"
"isoquant","CPM","isoB11","isoB112",0.499106663220641,2438,"0-1.5k"
"isoquant","CPM","isoB11","isoB112",0.722959371140171,8166,"1.5k-3k"
"isoquant","CPM","isoB11","isoB112",0.714380881766547,5566,"3k-4.5k"
"isoquant","CPM","isoB11","isoB112",0.578052451825066,4630,">4.5k"
"isoquant","CPM","isoB11","isoB113",0.497780944395702,2432,"0-1.5k"
"isoquant","CPM","isoB11","isoB113",0.702609369745337,8107,"1.5k-3k"
"isoquant","CPM","isoB11","isoB113",0.696334724149619,5538,"3k-4.5k"
"isoquant","CPM","isoB11","isoB113",0.571217091627134,4620,">4.5k"
"isoquant","EDA","E3","E31",0.581883263595957,2428,"0-1.5k"
"isoquant","EDA","E3","E31",0.717502840591533,8038,"1.5k-3k"
"isoquant","EDA","E3","E31",0.706366677499525,5491,"3k-4.5k"
"isoquant","EDA","E3","E31",0.60557219374004,4482,">4.5k"
"isoquant","EDA","E3","E32",0.575741257750462,2448,"0-1.5k"
"isoquant","EDA","E3","E32",0.721294299526113,8131,"1.5k-3k"
"isoquant","EDA","E3","E32",0.711914138544692,5533,"3k-4.5k"
"isoquant","EDA","E3","E32",0.601942324327076,4503,">4.5k"
"isoquant","EDA","E3","E33",0.58685958854223,2437,"0-1.5k"
"isoquant","EDA","E3","E33",0.710645401339578,8074,"1.5k-3k"
"isoquant","EDA","E3","E33",0.697706061838897,5502,"3k-4.5k"
"isoquant","EDA","E3","E33",0.606339354095483,4494,">4.5k"
"isoquant","EDA","isoB11","isoB111",0.577849477175383,2412,"0-1.5k"
"isoquant","EDA","isoB11","isoB111",0.699618256282343,8085,"1.5k-3k"
"isoquant","EDA","isoB11","isoB111",0.687304559820883,5500,"3k-4.5k"
"isoquant","EDA","isoB11","isoB111",0.571378239738839,4593,">4.5k"
"isoquant","EDA","isoB11","isoB112",0.591621052450684,2438,"0-1.5k"
"isoquant","EDA","isoB11","isoB112",0.722002763917886,8166,"1.5k-3k"
"isoquant","EDA","isoB11","isoB112",0.714292970953007,5566,"3k-4.5k"
"isoquant","EDA","isoB11","isoB112",0.5903765560709,4630,">4.5k"
"isoquant","EDA","isoB11","isoB113",0.581520176823426,2432,"0-1.5k"
"isoquant","EDA","isoB11","isoB113",0.701429856346886,8107,"1.5k-3k"
"isoquant","EDA","isoB11","isoB113",0.696295364795417,5538,"3k-4.5k"
"isoquant","EDA","isoB11","isoB113",0.583227436914536,4620,">4.5k"
"isoquant","TPM","E3","E31",0.624945107170466,2428,"0-1.5k"
"isoquant","TPM","E3","E31",0.718813391128714,8038,"1.5k-3k"
"isoquant","TPM","E3","E31",0.70452223667586,5491,"3k-4.5k"
"isoquant","TPM","E3","E31",0.614663414400891,4482,">4.5k"
"isoquant","TPM","E3","E32",0.619880711606071,2448,"0-1.5k"
"isoquant","TPM","E3","E32",0.721990313638697,8131,"1.5k-3k"
"isoquant","TPM","E3","E32",0.709805217333578,5533,"3k-4.5k"
"isoquant","TPM","E3","E32",0.611693624276533,4503,">4.5k"
"isoquant","TPM","E3","E33",0.608268060939713,2437,"0-1.5k"
"isoquant","TPM","E3","E33",0.71214740692688,8074,"1.5k-3k"
"isoquant","TPM","E3","E33",0.696282019559351,5502,"3k-4.5k"
"isoquant","TPM","E3","E33",0.614699390488956,4494,">4.5k"
"isoquant","TPM","isoB11","isoB111",0.585235410571237,2412,"0-1.5k"
"isoquant","TPM","isoB11","isoB111",0.701986145886162,8085,"1.5k-3k"
"isoquant","TPM","isoB11","isoB111",0.685927263519762,5500,"3k-4.5k"
"isoquant","TPM","isoB11","isoB111",0.580647037312558,4593,">4.5k"
"isoquant","TPM","isoB11","isoB112",0.606895916356652,2438,"0-1.5k"
"isoquant","TPM","isoB11","isoB112",0.724115286823307,8166,"1.5k-3k"
"isoquant","TPM","isoB11","isoB112",0.713148328542548,5566,"3k-4.5k"
"isoquant","TPM","isoB11","isoB112",0.600780882780665,4630,">4.5k"
"isoquant","TPM","isoB11","isoB113",0.601820432621002,2432,"0-1.5k"
"isoquant","TPM","isoB11","isoB113",0.703587970511491,8107,"1.5k-3k"
"isoquant","TPM","isoB11","isoB113",0.695062435378922,5538,"3k-4.5k"
"isoquant","TPM","isoB11","isoB113",0.592781763456077,4620,">4.5k"
"isoquant","cqn","E3","E31",0.615407016219512,2463,"0-1.5k"
"isoquant","cqn","E3","E31",0.684254942469639,8318,"1.5k-3k"
"isoquant","cqn","E3","E31",0.661896940864068,5820,"3k-4.5k"
"isoquant","cqn","E3","E31",0.525574938164798,5214,">4.5k"
"isoquant","cqn","E3","E32",0.623287508446044,2481,"0-1.5k"
"isoquant","cqn","E3","E32",0.687706160063494,8410,"1.5k-3k"
"isoquant","cqn","E3","E32",0.666442264032501,5864,"3k-4.5k"
"isoquant","cqn","E3","E32",0.525187134243111,5234,">4.5k"
"isoquant","cqn","E3","E33",0.614149659897685,2470,"0-1.5k"
"isoquant","cqn","E3","E33",0.682474698116392,8343,"1.5k-3k"
"isoquant","cqn","E3","E33",0.657364755249331,5832,"3k-4.5k"
"isoquant","cqn","E3","E33",0.534371713894311,5216,">4.5k"
"isoquant","cqn","isoB11","isoB111",0.598214044983911,2466,"0-1.5k"
"isoquant","cqn","isoB11","isoB111",0.677490111575684,8331,"1.5k-3k"
"isoquant","cqn","isoB11","isoB111",0.660270746192308,5798,"3k-4.5k"
"isoquant","cqn","isoB11","isoB111",0.508721304888467,5202,">4.5k"
"isoquant","cqn","isoB11","isoB112",0.610979359732233,2480,"0-1.5k"
"isoquant","cqn","isoB11","isoB112",0.693852974881578,8409,"1.5k-3k"
"isoquant","cqn","isoB11","isoB112",0.67530092223854,5872,"3k-4.5k"
"isoquant","cqn","isoB11","isoB112",0.517268049014973,5244,">4.5k"
"isoquant","cqn","isoB11","isoB113",0.612270170064237,2476,"0-1.5k"
"isoquant","cqn","isoB11","isoB113",0.678486803266192,8346,"1.5k-3k"
"isoquant","cqn","isoB11","isoB113",0.670835724750825,5835,"3k-4.5k"
"isoquant","cqn","isoB11","isoB113",0.518461712331879,5225,">4.5k"
"isoquant","ratio_counts","E3","E31",0.495007956428209,2428,"0-1.5k"
"isoquant","ratio_counts","E3","E31",0.48987818101492,8038,"1.5k-3k"
"isoquant","ratio_counts","E3","E31",0.415675509256194,5491,"3k-4.5k"
"isoquant","ratio_counts","E3","E31",0.287376550342042,4482,">4.5k"
"isoquant","ratio_counts","E3","E32",0.507691902794346,2448,"0-1.5k"
"isoquant","ratio_counts","E3","E32",0.540886777387169,8131,"1.5k-3k"
"isoquant","ratio_counts","E3","E32",0.468179133725541,5533,"3k-4.5k"
"isoquant","ratio_counts","E3","E32",0.28313461408665,4503,">4.5k"
"isoquant","ratio_counts","E3","E33",0.453921140391143,2437,"0-1.5k"
"isoquant","ratio_counts","E3","E33",0.509229324080833,8074,"1.5k-3k"
"isoquant","ratio_counts","E3","E33",0.408158122968306,5502,"3k-4.5k"
"isoquant","ratio_counts","E3","E33",0.273514992713053,4494,">4.5k"
"isoquant","ratio_counts","isoB11","isoB111",0.366405226140363,2412,"0-1.5k"
"isoquant","ratio_counts","isoB11","isoB111",0.411969961490362,8085,"1.5k-3k"
"isoquant","ratio_counts","isoB11","isoB111",0.323440940951552,5500,"3k-4.5k"
"isoquant","ratio_counts","isoB11","isoB111",0.19590113204179,4593,">4.5k"
"isoquant","ratio_counts","isoB11","isoB112",0.478410454530242,2438,"0-1.5k"
"isoquant","ratio_counts","isoB11","isoB112",0.503631690533643,8166,"1.5k-3k"
"isoquant","ratio_counts","isoB11","isoB112",0.417827178511751,5566,"3k-4.5k"
"isoquant","ratio_counts","isoB11","isoB112",0.259375311114065,4630,">4.5k"
"isoquant","ratio_counts","isoB11","isoB113",0.499980201518345,2432,"0-1.5k"
"isoquant","ratio_counts","isoB11","isoB113",0.476749730863398,8107,"1.5k-3k"
"isoquant","ratio_counts","isoB11","isoB113",0.424188433837483,5538,"3k-4.5k"
"isoquant","ratio_counts","isoB11","isoB113",0.264544402124777,4620,">4.5k"
"kallisto","CPM","E3","E31",0.513270493442976,2997,"0-1.5k"
"kallisto","CPM","E3","E31",0.700487500824035,10384,"1.5k-3k"
"kallisto","CPM","E3","E31",0.684983356319043,8118,"3k-4.5k"
"kallisto","CPM","E3","E31",0.633646283080384,11570,">4.5k"
"kallisto","CPM","E3","E32",0.506927733222832,3017,"0-1.5k"
"kallisto","CPM","E3","E32",0.699540186070606,10495,"1.5k-3k"
"kallisto","CPM","E3","E32",0.679124015753584,8195,"3k-4.5k"
"kallisto","CPM","E3","E32",0.590754961655532,11622,">4.5k"
"kallisto","CPM","E3","E33",0.487144437806045,3008,"0-1.5k"
"kallisto","CPM","E3","E33",0.679587611515017,10409,"1.5k-3k"
"kallisto","CPM","E3","E33",0.669510115837676,8134,"3k-4.5k"
"kallisto","CPM","E3","E33",0.586529512540501,11598,">4.5k"
"kallisto","CPM","isoB11","isoB111",0.470368318694501,3001,"0-1.5k"
"kallisto","CPM","isoB11","isoB111",0.674906443136927,10416,"1.5k-3k"
"kallisto","CPM","isoB11","isoB111",0.655142451438792,8127,"3k-4.5k"
"kallisto","CPM","isoB11","isoB111",0.557019358137952,11606,">4.5k"
"kallisto","CPM","isoB11","isoB112",0.488535746072972,3019,"0-1.5k"
"kallisto","CPM","isoB11","isoB112",0.691171998569877,10522,"1.5k-3k"
"kallisto","CPM","isoB11","isoB112",0.681996262553918,8245,"3k-4.5k"
"kallisto","CPM","isoB11","isoB112",0.590873750862316,11705,">4.5k"
"kallisto","CPM","isoB11","isoB113",0.483088163557383,3014,"0-1.5k"
"kallisto","CPM","isoB11","isoB113",0.68433846313405,10447,"1.5k-3k"
"kallisto","CPM","isoB11","isoB113",0.672959598536185,8210,"3k-4.5k"
"kallisto","CPM","isoB11","isoB113",0.579115011917256,11652,">4.5k"
"kallisto","EDA","E3","E31",0.576764674314795,2997,"0-1.5k"
"kallisto","EDA","E3","E31",0.699674039050466,10384,"1.5k-3k"
"kallisto","EDA","E3","E31",0.685011515042561,8118,"3k-4.5k"
"kallisto","EDA","E3","E31",0.614640026796473,11570,">4.5k"
"kallisto","EDA","E3","E32",0.563300988355052,3017,"0-1.5k"
"kallisto","EDA","E3","E32",0.697884204310903,10495,"1.5k-3k"
"kallisto","EDA","E3","E32",0.679162091385644,8195,"3k-4.5k"
"kallisto","EDA","E3","E32",0.579957449440809,11622,">4.5k"
"kallisto","EDA","E3","E33",0.5520262131217,3008,"0-1.5k"
"kallisto","EDA","E3","E33",0.680377076985079,10409,"1.5k-3k"
"kallisto","EDA","E3","E33",0.669497842693383,8134,"3k-4.5k"
"kallisto","EDA","E3","E33",0.582077686390985,11598,">4.5k"
"kallisto","EDA","isoB11","isoB111",0.540933176675923,3001,"0-1.5k"
"kallisto","EDA","isoB11","isoB111",0.676331013330453,10416,"1.5k-3k"
"kallisto","EDA","isoB11","isoB111",0.655244841730807,8127,"3k-4.5k"
"kallisto","EDA","isoB11","isoB111",0.562148768614039,11606,">4.5k"
"kallisto","EDA","isoB11","isoB112",0.560488804187491,3019,"0-1.5k"
"kallisto","EDA","isoB11","isoB112",0.691872827306209,10522,"1.5k-3k"
"kallisto","EDA","isoB11","isoB112",0.682157075493476,8245,"3k-4.5k"
"kallisto","EDA","isoB11","isoB112",0.584561118891604,11705,">4.5k"
"kallisto","EDA","isoB11","isoB113",0.549929793590807,3014,"0-1.5k"
"kallisto","EDA","isoB11","isoB113",0.684986919105657,10447,"1.5k-3k"
"kallisto","EDA","isoB11","isoB113",0.673085354169577,8210,"3k-4.5k"
"kallisto","EDA","isoB11","isoB113",0.576333060766247,11652,">4.5k"
"kallisto","TPM","E3","E31",0.60773888113208,2997,"0-1.5k"
"kallisto","TPM","E3","E31",0.702820684754826,10384,"1.5k-3k"
"kallisto","TPM","E3","E31",0.684402373260032,8118,"3k-4.5k"
"kallisto","TPM","E3","E31",0.666942010052336,11570,">4.5k"
"kallisto","TPM","E3","E32",0.602236398169662,3017,"0-1.5k"
"kallisto","TPM","E3","E32",0.701483720205284,10495,"1.5k-3k"
"kallisto","TPM","E3","E32",0.678488698491098,8195,"3k-4.5k"
"kallisto","TPM","E3","E32",0.636557177501121,11622,">4.5k"
"kallisto","TPM","E3","E33",0.577922621343212,3008,"0-1.5k"
"kallisto","TPM","E3","E33",0.684025176938869,10409,"1.5k-3k"
"kallisto","TPM","E3","E33",0.669013740920134,8134,"3k-4.5k"
"kallisto","TPM","E3","E33",0.634784724112592,11598,">4.5k"
"kallisto","TPM","isoB11","isoB111",0.56430220808187,3001,"0-1.5k"
"kallisto","TPM","isoB11","isoB111",0.679480495642875,10416,"1.5k-3k"
"kallisto","TPM","isoB11","isoB111",0.654798574389244,8127,"3k-4.5k"
"kallisto","TPM","isoB11","isoB111",0.611648693706021,11606,">4.5k"
"kallisto","TPM","isoB11","isoB112",0.582469955059574,3019,"0-1.5k"
"kallisto","TPM","isoB11","isoB112",0.695201750685685,10522,"1.5k-3k"
"kallisto","TPM","isoB11","isoB112",0.682023761048772,8245,"3k-4.5k"
"kallisto","TPM","isoB11","isoB112",0.64127640691723,11705,">4.5k"
"kallisto","TPM","isoB11","isoB113",0.575016575096784,3014,"0-1.5k"
"kallisto","TPM","isoB11","isoB113",0.688660664995706,10447,"1.5k-3k"
"kallisto","TPM","isoB11","isoB113",0.672636929619045,8210,"3k-4.5k"
"kallisto","TPM","isoB11","isoB113",0.628292422702507,11652,">4.5k"
"kallisto","cqn","E3","E31",0.619840006143745,3009,"0-1.5k"
"kallisto","cqn","E3","E31",0.709527700678625,10415,"1.5k-3k"
"kallisto","cqn","E3","E31",0.697812042762191,8158,"3k-4.5k"
"kallisto","cqn","E3","E31",0.624431841594728,11673,">4.5k"
"kallisto","cqn","E3","E32",0.618894035373663,3029,"0-1.5k"
"kallisto","cqn","E3","E32",0.705294601772045,10529,"1.5k-3k"
"kallisto","cqn","E3","E32",0.693125993675128,8247,"3k-4.5k"
"kallisto","cqn","E3","E32",0.583295998473273,11729,">4.5k"
"kallisto","cqn","E3","E33",0.598398889800724,3017,"0-1.5k"
"kallisto","cqn","E3","E33",0.694781918241103,10438,"1.5k-3k"
"kallisto","cqn","E3","E33",0.689345919026079,8187,"3k-4.5k"
"kallisto","cqn","E3","E33",0.588649013023761,11673,">4.5k"
"kallisto","cqn","isoB11","isoB111",0.598688753390813,3011,"0-1.5k"
"kallisto","cqn","isoB11","isoB111",0.695240787963817,10431,"1.5k-3k"
"kallisto","cqn","isoB11","isoB111",0.675707529257536,8161,"3k-4.5k"
"kallisto","cqn","isoB11","isoB111",0.5710878807155,11653,">4.5k"
"kallisto","cqn","isoB11","isoB112",0.60858954982502,3020,"0-1.5k"
"kallisto","cqn","isoB11","isoB112",0.702025977552198,10532,"1.5k-3k"
"kallisto","cqn","isoB11","isoB112",0.694479940456637,8261,"3k-4.5k"
"kallisto","cqn","isoB11","isoB112",0.590406114654689,11748,">4.5k"
"kallisto","cqn","isoB11","isoB113",0.60353734225948,3017,"0-1.5k"
"kallisto","cqn","isoB11","isoB113",0.698939781698116,10458,"1.5k-3k"
"kallisto","cqn","isoB11","isoB113",0.692389598969053,8219,"3k-4.5k"
"kallisto","cqn","isoB11","isoB113",0.585284097296588,11711,">4.5k"
"kallisto","ratio_counts","E3","E31",0.505092962156977,2997,"0-1.5k"
"kallisto","ratio_counts","E3","E31",0.520194304080163,10384,"1.5k-3k"
"kallisto","ratio_counts","E3","E31",0.446469198977952,8118,"3k-4.5k"
"kallisto","ratio_counts","E3","E31",0.416185765256083,11570,">4.5k"
"kallisto","ratio_counts","E3","E32",0.50797090257449,3017,"0-1.5k"
"kallisto","ratio_counts","E3","E32",0.549118437105224,10495,"1.5k-3k"
"kallisto","ratio_counts","E3","E32",0.471927002626467,8195,"3k-4.5k"
"kallisto","ratio_counts","E3","E32",0.381913990145838,11622,">4.5k"
"kallisto","ratio_counts","E3","E33",0.424141970237398,3008,"0-1.5k"
"kallisto","ratio_counts","E3","E33",0.506086796831764,10409,"1.5k-3k"
"kallisto","ratio_counts","E3","E33",0.421201902198389,8134,"3k-4.5k"
"kallisto","ratio_counts","E3","E33",0.320073887257129,11598,">4.5k"
"kallisto","ratio_counts","isoB11","isoB111",0.366947342191564,3001,"0-1.5k"
"kallisto","ratio_counts","isoB11","isoB111",0.418722506261698,10416,"1.5k-3k"
"kallisto","ratio_counts","isoB11","isoB111",0.323896651501995,8127,"3k-4.5k"
"kallisto","ratio_counts","isoB11","isoB111",0.220456082695173,11606,">4.5k"
"kallisto","ratio_counts","isoB11","isoB112",0.462063957682247,3019,"0-1.5k"
"kallisto","ratio_counts","isoB11","isoB112",0.498104119530626,10522,"1.5k-3k"
"kallisto","ratio_counts","isoB11","isoB112",0.424649448524767,8245,"3k-4.5k"
"kallisto","ratio_counts","isoB11","isoB112",0.328889880455113,11705,">4.5k"
"kallisto","ratio_counts","isoB11","isoB113",0.488671020441523,3014,"0-1.5k"
"kallisto","ratio_counts","isoB11","isoB113",0.505091511020057,10447,"1.5k-3k"
"kallisto","ratio_counts","isoB11","isoB113",0.424720177728392,8210,"3k-4.5k"
"kallisto","ratio_counts","isoB11","isoB113",0.324891703935164,11652,">4.5k"
"oarfish","CPM","E3","E31",0.615450777672842,4400,"0-1.5k"
"oarfish","CPM","E3","E31",0.725226660386403,13125,"1.5k-3k"
"oarfish","CPM","E3","E31",0.717282697324821,10445,"3k-4.5k"
"oarfish","CPM","E3","E31",0.660502500067636,16363,">4.5k"
"oarfish","CPM","E3","E32",0.614541402029634,4443,"0-1.5k"
"oarfish","CPM","E3","E32",0.724426475934978,13322,"1.5k-3k"
"oarfish","CPM","E3","E32",0.717783125723896,10593,"3k-4.5k"
"oarfish","CPM","E3","E32",0.633703387684336,16509,">4.5k"
"oarfish","CPM","E3","E33",0.564176581468829,4425,"0-1.5k"
"oarfish","CPM","E3","E33",0.702302606746671,13178,"1.5k-3k"
"oarfish","CPM","E3","E33",0.699807983281156,10517,"3k-4.5k"
"oarfish","CPM","E3","E33",0.616122914494818,16390,">4.5k"
"oarfish","CPM","isoB11","isoB111",0.554415000244207,4402,"0-1.5k"
"oarfish","CPM","isoB11","isoB111",0.690248439455566,13187,"1.5k-3k"
"oarfish","CPM","isoB11","isoB111",0.68270810527381,10507,"3k-4.5k"
"oarfish","CPM","isoB11","isoB111",0.575865668338129,16435,">4.5k"
"oarfish","CPM","isoB11","isoB112",0.584963800949088,4447,"0-1.5k"
"oarfish","CPM","isoB11","isoB112",0.714866925904816,13354,"1.5k-3k"
"oarfish","CPM","isoB11","isoB112",0.705559577963943,10697,"3k-4.5k"
"oarfish","CPM","isoB11","isoB112",0.616101205503322,16666,">4.5k"
"oarfish","CPM","isoB11","isoB113",0.576726428389697,4431,"0-1.5k"
"oarfish","CPM","isoB11","isoB113",0.703190460465529,13210,"1.5k-3k"
"oarfish","CPM","isoB11","isoB113",0.70095574075274,10581,"3k-4.5k"
"oarfish","CPM","isoB11","isoB113",0.614079059966098,16550,">4.5k"
"oarfish","EDA","E3","E31",0.671188390016488,4400,"0-1.5k"
"oarfish","EDA","E3","E31",0.725229206766975,13125,"1.5k-3k"
"oarfish","EDA","E3","E31",0.717168919148226,10445,"3k-4.5k"
"oarfish","EDA","E3","E31",0.647214960085127,16363,">4.5k"
"oarfish","EDA","E3","E32",0.668662234282976,4443,"0-1.5k"
"oarfish","EDA","E3","E32",0.723557702470146,13322,"1.5k-3k"
"oarfish","EDA","E3","E32",0.717566380947495,10593,"3k-4.5k"
"oarfish","EDA","E3","E32",0.628723766513935,16509,">4.5k"
"oarfish","EDA","E3","E33",0.612969992044135,4425,"0-1.5k"
"oarfish","EDA","E3","E33",0.702896635438291,13178,"1.5k-3k"
"oarfish","EDA","E3","E33",0.699667741834171,10517,"3k-4.5k"
"oarfish","EDA","E3","E33",0.61596924021878,16390,">4.5k"
"oarfish","EDA","isoB11","isoB111",0.599218301973682,4402,"0-1.5k"
"oarfish","EDA","isoB11","isoB111",0.691341372174946,13187,"1.5k-3k"
"oarfish","EDA","isoB11","isoB111",0.682683865903292,10507,"3k-4.5k"
"oarfish","EDA","isoB11","isoB111",0.585351322034784,16435,">4.5k"
"oarfish","EDA","isoB11","isoB112",0.635346130710519,4447,"0-1.5k"
"oarfish","EDA","isoB11","isoB112",0.715444113042621,13354,"1.5k-3k"
"oarfish","EDA","isoB11","isoB112",0.705403573541069,10697,"3k-4.5k"
"oarfish","EDA","isoB11","isoB112",0.617122069810257,16666,">4.5k"
"oarfish","EDA","isoB11","isoB113",0.624962473584885,4431,"0-1.5k"
"oarfish","EDA","isoB11","isoB113",0.703775867759035,13210,"1.5k-3k"
"oarfish","EDA","isoB11","isoB113",0.700919223143557,10581,"3k-4.5k"
"oarfish","EDA","isoB11","isoB113",0.616640723483063,16550,">4.5k"
"oarfish","TPM","E3","E31",0.674073859494638,4400,"0-1.5k"
"oarfish","TPM","E3","E31",0.726775870352854,13125,"1.5k-3k"
"oarfish","TPM","E3","E31",0.716447122574336,10445,"3k-4.5k"
"oarfish","TPM","E3","E31",0.696532610477831,16363,">4.5k"
"oarfish","TPM","E3","E32",0.674786623895772,4443,"0-1.5k"
"oarfish","TPM","E3","E32",0.725298830495101,13322,"1.5k-3k"
"oarfish","TPM","E3","E32",0.716605724878278,10593,"3k-4.5k"
"oarfish","TPM","E3","E32",0.680504878487284,16509,">4.5k"
"oarfish","TPM","E3","E33",0.620384079465739,4425,"0-1.5k"
"oarfish","TPM","E3","E33",0.705123058436307,13178,"1.5k-3k"
"oarfish","TPM","E3","E33",0.69921532049673,10517,"3k-4.5k"
"oarfish","TPM","E3","E33",0.6656915422882,16390,">4.5k"
"oarfish","TPM","isoB11","isoB111",0.611479885098531,4402,"0-1.5k"
"oarfish","TPM","isoB11","isoB111",0.693720743454459,13187,"1.5k-3k"
"oarfish","TPM","isoB11","isoB111",0.682201270732629,10507,"3k-4.5k"
"oarfish","TPM","isoB11","isoB111",0.633504982007468,16435,">4.5k"
"oarfish","TPM","isoB11","isoB112",0.643292379469138,4447,"0-1.5k"
"oarfish","TPM","isoB11","isoB112",0.717443124415707,13354,"1.5k-3k"
"oarfish","TPM","isoB11","isoB112",0.705111384217098,10697,"3k-4.5k"
"oarfish","TPM","isoB11","isoB112",0.668962039367262,16666,">4.5k"
"oarfish","TPM","isoB11","isoB113",0.633910588126751,4431,"0-1.5k"
"oarfish","TPM","isoB11","isoB113",0.705810356176826,13210,"1.5k-3k"
"oarfish","TPM","isoB11","isoB113",0.700125698598293,10581,"3k-4.5k"
"oarfish","TPM","isoB11","isoB113",0.664635136320897,16550,">4.5k"
"oarfish","cqn","E3","E31",0.671995462357125,4431,"0-1.5k"
"oarfish","cqn","E3","E31",0.725496359531728,13223,"1.5k-3k"
"oarfish","cqn","E3","E31",0.722536561803849,10559,"3k-4.5k"
"oarfish","cqn","E3","E31",0.643837618141722,16626,">4.5k"
"oarfish","cqn","E3","E32",0.674155715775391,4466,"0-1.5k"
"oarfish","cqn","E3","E32",0.724248972299993,13398,"1.5k-3k"
"oarfish","cqn","E3","E32",0.721346295410821,10712,"3k-4.5k"
"oarfish","cqn","E3","E32",0.616666635275971,16773,">4.5k"
"oarfish","cqn","E3","E33",0.627134602786408,4446,"0-1.5k"
"oarfish","cqn","E3","E33",0.710494240332452,13245,"1.5k-3k"
"oarfish","cqn","E3","E33",0.70734832319269,10610,"3k-4.5k"
"oarfish","cqn","E3","E33",0.608928298310224,16588,">4.5k"
"oarfish","cqn","isoB11","isoB111",0.61132451597074,4436,"0-1.5k"
"oarfish","cqn","isoB11","isoB111",0.702849666780059,13232,"1.5k-3k"
"oarfish","cqn","isoB11","isoB111",0.694381656202138,10570,"3k-4.5k"
"oarfish","cqn","isoB11","isoB111",0.58931676101377,16581,">4.5k"
"oarfish","cqn","isoB11","isoB112",0.642020746528818,4464,"0-1.5k"
"oarfish","cqn","isoB11","isoB112",0.718998389028203,13396,"1.5k-3k"
"oarfish","cqn","isoB11","isoB112",0.710402570200319,10739,"3k-4.5k"
"oarfish","cqn","isoB11","isoB112",0.611450259067961,16793,">4.5k"
"oarfish","cqn","isoB11","isoB113",0.6413791680137,4451,"0-1.5k"
"oarfish","cqn","isoB11","isoB113",0.716015796662528,13256,"1.5k-3k"
"oarfish","cqn","isoB11","isoB113",0.712422327540457,10629,"3k-4.5k"
"oarfish","cqn","isoB11","isoB113",0.616719468837745,16655,">4.5k"
"oarfish","ratio_counts","E3","E31",0.606894984675981,4400,"0-1.5k"
"oarfish","ratio_counts","E3","E31",0.586857322751771,13125,"1.5k-3k"
"oarfish","ratio_counts","E3","E31",0.536139802703943,10445,"3k-4.5k"
"oarfish","ratio_counts","E3","E31",0.467580491781651,16363,">4.5k"
"oarfish","ratio_counts","E3","E32",0.609661566719442,4443,"0-1.5k"
"oarfish","ratio_counts","E3","E32",0.614081345853572,13322,"1.5k-3k"
"oarfish","ratio_counts","E3","E32",0.567491188391726,10593,"3k-4.5k"
"oarfish","ratio_counts","E3","E32",0.461394021606327,16509,">4.5k"
"oarfish","ratio_counts","E3","E33",0.495052875280328,4425,"0-1.5k"
"oarfish","ratio_counts","E3","E33",0.556739389318132,13178,"1.5k-3k"
"oarfish","ratio_counts","E3","E33",0.50680577050542,10517,"3k-4.5k"
"oarfish","ratio_counts","E3","E33",0.403114153441387,16390,">4.5k"
"oarfish","ratio_counts","isoB11","isoB111",0.411202203227973,4402,"0-1.5k"
"oarfish","ratio_counts","isoB11","isoB111",0.45470310568837,13187,"1.5k-3k"
"oarfish","ratio_counts","isoB11","isoB111",0.400193923652047,10507,"3k-4.5k"
"oarfish","ratio_counts","isoB11","isoB111",0.257842664544148,16435,">4.5k"
"oarfish","ratio_counts","isoB11","isoB112",0.534778569535817,4447,"0-1.5k"
"oarfish","ratio_counts","isoB11","isoB112",0.55833787069325,13354,"1.5k-3k"
"oarfish","ratio_counts","isoB11","isoB112",0.496750582720198,10697,"3k-4.5k"
"oarfish","ratio_counts","isoB11","isoB112",0.386559884353423,16666,">4.5k"
"oarfish","ratio_counts","isoB11","isoB113",0.538514695980192,4431,"0-1.5k"
"oarfish","ratio_counts","isoB11","isoB113",0.551103578666698,13210,"1.5k-3k"
"oarfish","ratio_counts","isoB11","isoB113",0.501362446444817,10581,"3k-4.5k"
"oarfish","ratio_counts","isoB11","isoB113",0.397717619078086,16550,">4.5k"
