"Panel","Group","n","Minimum","Lower whisker","Q1","Median","Q3","Upper whisker","Maximum","Mean","Number of outliers"
"Mouse","ONT cDNA",1000000,80,80,235,438,713,3762,5225,541.4,71
"Mouse","Iso-Seq",1000000,80,825,2051,2891,3766,9370,13168,2988,24744
"Mouse","Kinnex",1000000,81,650,1383,1759,2288,4868,10425,1935.4,13399
"iNeuron","ONT cDNA",1000000,164,251,730,979,1491,4352,113494,1178.1,1278
"iNeuron","Kinnex",1000000,94,693,1495,1869,2498,5395,9425,2107.5,7245
"LongBench","ONT dRNA",1000000,80,139,695,1199,2038,10233,427026,1707.8,14475
"LongBench","ONT cDNA",1000000,90,197,529,696,1022,2744,130768,845.1,26460
"LongBench","Kinnex",1000000,111,666,1384,1723,2254,4684,22363,1929.8,13475
"spike-ins","Short SIRV",71,161,161,545.5,796,1848,3999,3999,1185.5,0
"spike-ins","Long SIRV",13,4001,4001,6000,8001,10001,12029,12029,8610.9,0
"spike-ins","ERCC",92,256,256,525.5,978,1030,2014,2014,884.9,0
"Reference","GCF_000001405.40 (human, GRCh38)",208058,8,250,1466,2798.5,4779,28118,109224,3623.7,9413
"Reference","GCF_000001635.27 (mouse, GRCm39)",141150,9,192,1321,2728,4792,33068,221126,3727.7,5258
