"Dataset","Platform","Spike-in","Tool","Mean sensitivity","SD","Error bar lower","Error bar upper"
"Mouse","Iso-Seq","SIRV","Bambu",0.7623188405797101,0.03499806142009841,0.7273207791596117,0.7973169019998085
"Mouse","Iso-Seq","SIRV","FLAIR",0.8043478260869564,0.03805482740889835,0.7662929986780581,0.8424026534958547
"Mouse","Iso-Seq","SIRV","IsoQuant",0.707246376811594,0.03032744137858519,0.6769189354330087,0.7375738181901792
"Mouse","Iso-Seq","SIRV","Kallisto",0.8086956521739129,0.028446553056412634,0.7802490991175003,0.8371422052303256
"Mouse","Iso-Seq","SIRV","Oarfish",0.7898550724637683,0.03627000283133115,0.7535850696324371,0.8261250752950995
"Mouse","Kinnex","SIRV","Bambu",0.8985507246376814,0.012551092808470181,0.8859996318292112,0.9111018174461516
"Mouse","Kinnex","SIRV","FLAIR",0.956521739130435,0,0.956521739130435,0.956521739130435
"Mouse","Kinnex","SIRV","IsoQuant",0.859903381642512,0.007246376811594013,0.852657004830918,0.867149758454106
"Mouse","Kinnex","SIRV","Kallisto",0.932367149758454,0.007246376811594013,0.92512077294686,0.939613526570048
"Mouse","Kinnex","SIRV","Oarfish",0.9130434782608696,0.012551092808470181,0.9004923854523994,0.9255945710693398
"Mouse","ONT cDNA","SIRV","Bambu",0.9297101449275362,0.008509318095831659,0.9212008268317046,0.9382194630233679
"Mouse","ONT cDNA","SIRV","FLAIR",0.9818840579710147,0.006438574758251279,0.9754454832127635,0.988322632729266
"Mouse","ONT cDNA","SIRV","IsoQuant",0.9623188405797101,0.009863145614184263,0.9524556949655258,0.9721819861938943
"Mouse","ONT cDNA","SIRV","Kallisto",0.9101449275362322,0.007581860344646437,0.9025630671915857,0.9177267878808787
"Mouse","ONT cDNA","SIRV","Oarfish",0.9108695652173916,0.0053093847613411025,0.9055601804560505,0.9161789499787327
"LongBench","Kinnex","SIRV","Bambu",0.761904761904762,0,0.761904761904762,0.761904761904762
"LongBench","Kinnex","SIRV","FLAIR",0.648809523809524,0.006520506636966301,0.6422890171725576,0.6553300304464903
"LongBench","Kinnex","SIRV","IsoQuant",0.630952380952381,0,0.630952380952381,0.630952380952381
"LongBench","Kinnex","SIRV","Kallisto",0.75,0,0.75,0.75
"LongBench","Kinnex","SIRV","Oarfish",0.738095238095238,0,0.738095238095238,0.738095238095238
"LongBench","Kinnex","ERCC","Bambu",0.282608695652174,0,0.282608695652174,0.282608695652174
"LongBench","Kinnex","ERCC","FLAIR",0.326086956521739,0,0.326086956521739,0.326086956521739
"LongBench","Kinnex","ERCC","IsoQuant",0.326086956521739,0,0.326086956521739,0.326086956521739
"LongBench","Kinnex","ERCC","Kallisto",0.326086956521739,0,0.326086956521739,0.326086956521739
"LongBench","Kinnex","ERCC","Oarfish",0.326086956521739,0,0.326086956521739,0.326086956521739
"LongBench","ONT cDNA","SIRV","Bambu",0.952380952380952,0,0.952380952380952,0.952380952380952
"LongBench","ONT cDNA","SIRV","FLAIR",0.803571428571429,0.006520506636966301,0.7970509219344627,0.8100919352083954
"LongBench","ONT cDNA","SIRV","IsoQuant",0.797619047619048,0,0.797619047619048,0.797619047619048
"LongBench","ONT cDNA","SIRV","Kallisto",0.928571428571429,0,0.928571428571429,0.928571428571429
"LongBench","ONT cDNA","SIRV","Oarfish",0.94047619047619,0,0.94047619047619,0.94047619047619
"LongBench","ONT cDNA","ERCC","Bambu",0.260869565217391,0,0.260869565217391,0.260869565217391
"LongBench","ONT cDNA","ERCC","FLAIR",0,0,0,0
"LongBench","ONT cDNA","ERCC","IsoQuant",0.358695652173913,0,0.358695652173913,0.358695652173913
"LongBench","ONT cDNA","ERCC","Kallisto",0.347826086956522,0,0.347826086956522,0.347826086956522
"LongBench","ONT cDNA","ERCC","Oarfish",0.358695652173913,0,0.358695652173913,0.358695652173913
"LongBench","ONT dRNA","SIRV","Bambu",0.904761904761905,0,0.904761904761905,0.904761904761905
"LongBench","ONT dRNA","SIRV","FLAIR",0.964285714285714,0,0.964285714285714,0.964285714285714
"LongBench","ONT dRNA","SIRV","IsoQuant",0.779761904761905,0.006520506636966362,0.7732413981249386,0.7862824113988713
"LongBench","ONT dRNA","SIRV","Kallisto",0.928571428571429,0,0.928571428571429,0.928571428571429
"LongBench","ONT dRNA","SIRV","Oarfish",0.916666666666667,0,0.916666666666667,0.916666666666667
"LongBench","ONT dRNA","ERCC","Bambu",0.0978260869565217,0,0.0978260869565217,0.0978260869565217
"LongBench","ONT dRNA","ERCC","FLAIR",0.17934782608695649,0.0059535060598385914,0.17339432002711788,0.1853013321467951
"LongBench","ONT dRNA","ERCC","IsoQuant",0.184782608695652,0,0.184782608695652,0.184782608695652
"LongBench","ONT dRNA","ERCC","Kallisto",0.184782608695652,0,0.184782608695652,0.184782608695652
"LongBench","ONT dRNA","ERCC","Oarfish",0.184782608695652,0,0.184782608695652,0.184782608695652
"iNeuron","Kinnex","SIRV","Bambu",0.7246376811594203,0.06609712609270361,0.6585405550667167,0.7907348072521239
"iNeuron","Kinnex","SIRV","FLAIR",0.7415458937198068,0.07183300353093483,0.669712890188872,0.8133788972507416
"iNeuron","Kinnex","SIRV","IsoQuant",0.6908212560386472,0.08077895639064125,0.6100422996480059,0.7716002124292884
"iNeuron","Kinnex","SIRV","Kallisto",0.7705314009661836,0.06244790589587971,0.7080834950703039,0.8329793068620632
"iNeuron","Kinnex","SIRV","Oarfish",0.7439613526570048,0.07139305585279689,0.6725682968042079,0.8153544085098017
"iNeuron","Kinnex","ERCC","Bambu",0.3677536231884055,0.004437481418085329,0.3633161417703202,0.3721911046064908
"iNeuron","Kinnex","ERCC","FLAIR",0.402173913043478,0,0.402173913043478,0.402173913043478
"iNeuron","Kinnex","ERCC","IsoQuant",0.1195652173913045,0.011907012119677745,0.10765820527162676,0.13147222951098225
"iNeuron","Kinnex","ERCC","Kallisto",0.402173913043478,0,0.402173913043478,0.402173913043478
"iNeuron","Kinnex","ERCC","Oarfish",0.402173913043478,0,0.402173913043478,0.402173913043478
"iNeuron","ONT cDNA","SIRV","Bambu",0.9468599033816425,0.01755159625563764,0.9293083071260049,0.9644114996372801
"iNeuron","ONT cDNA","SIRV","FLAIR",0.9734299516908215,0.014249160583335953,0.9591807911074856,0.9876791122741574
"iNeuron","ONT cDNA","SIRV","IsoQuant",0.9589371980676327,0.014249160583335915,0.9446880374842967,0.9731863586509686
"iNeuron","ONT cDNA","SIRV","Kallisto",0.9106280193236718,0.0059166418907808304,0.904711377432891,0.9165446612144525
"iNeuron","ONT cDNA","SIRV","Oarfish",0.9082125603864738,0.0118332837815613,0.8963792766049125,0.9200458441680351
"iNeuron","ONT cDNA","ERCC","Bambu",0.38949275362318847,0.004437481418085329,0.38505527220510316,0.3939302350412738
"iNeuron","ONT cDNA","ERCC","FLAIR",0,0,0,0
"iNeuron","ONT cDNA","ERCC","IsoQuant",0.467391304347826,0,0.467391304347826,0.467391304347826
"iNeuron","ONT cDNA","ERCC","Kallisto",0.467391304347826,0,0.467391304347826,0.467391304347826
"iNeuron","ONT cDNA","ERCC","Oarfish",0.467391304347826,0,0.467391304347826,0.467391304347826
